"month","year","day_type","entry_station","exit_station","avg_trips","date"
9,2013,"Weekday","RM","RM",8.85,2013-09-01
9,2013,"Weekday","RM","EN",142.9,2013-09-01
9,2013,"Weekday","RM","EP",115.25,2013-09-01
9,2013,"Weekday","RM","NB",123.6,2013-09-01
9,2013,"Weekday","RM","BK",522.7,2013-09-01
9,2013,"Weekday","RM","AS",118.55,2013-09-01
9,2013,"Weekday","RM","MA",181.05,2013-09-01
9,2013,"Weekday","RM","19",168,2013-09-01
9,2013,"Weekday","RM","12",201.6,2013-09-01
9,2013,"Weekday","RM","LM",65.4,2013-09-01
9,2013,"Weekday","RM","FV",108.8,2013-09-01
9,2013,"Weekday","RM","CL",98.9,2013-09-01
9,2013,"Weekday","RM","SL",52.8,2013-09-01
9,2013,"Weekday","RM","BF",38.85,2013-09-01
9,2013,"Weekday","RM","HY",43.8,2013-09-01
9,2013,"Weekday","RM","SH",25.5,2013-09-01
9,2013,"Weekday","RM","UC",17.75,2013-09-01
9,2013,"Weekday","RM","FM",43.1,2013-09-01
9,2013,"Weekday","RM","CN",31.25,2013-09-01
9,2013,"Weekday","RM","PH",18.45,2013-09-01
9,2013,"Weekday","RM","WC",28.45,2013-09-01
9,2013,"Weekday","RM","LF",17.05,2013-09-01
9,2013,"Weekday","RM","OR",12.8,2013-09-01
9,2013,"Weekday","RM","RR",21.4,2013-09-01
9,2013,"Weekday","RM","OW",26.85,2013-09-01
9,2013,"Weekday","RM","EM",351.65,2013-09-01
9,2013,"Weekday","RM","MT",354.6,2013-09-01
9,2013,"Weekday","RM","PL",338.8,2013-09-01
9,2013,"Weekday","RM","CC",269.8,2013-09-01
9,2013,"Weekday","RM","16",135.5,2013-09-01
9,2013,"Weekday","RM","24",124.15,2013-09-01
9,2013,"Weekday","RM","GP",38.75,2013-09-01
9,2013,"Weekday","RM","BP",78.3,2013-09-01
9,2013,"Weekday","RM","DC",112.6,2013-09-01
9,2013,"Weekday","RM","CM",16.55,2013-09-01
9,2013,"Weekday","RM","CV",7.75,2013-09-01
9,2013,"Weekday","RM","ED",20.2,2013-09-01
9,2013,"Weekday","RM","NC",8.45,2013-09-01
9,2013,"Weekday","RM","WP",50.3,2013-09-01
9,2013,"Weekday","RM","SS",12.55,2013-09-01
9,2013,"Weekday","RM","SB",28.05,2013-09-01
9,2013,"Weekday","RM","SO",36.05,2013-09-01
9,2013,"Weekday","RM","MB",35.65,2013-09-01
9,2013,"Weekday","RM","WD",5.2,2013-09-01
9,2013,"Weekday","EN","RM",126.85,2013-09-01
9,2013,"Weekday","EN","EN",20.65,2013-09-01
9,2013,"Weekday","EN","EP",101.45,2013-09-01
9,2013,"Weekday","EN","NB",125,2013-09-01
9,2013,"Weekday","EN","BK",1137.55,2013-09-01
9,2013,"Weekday","EN","AS",140.1,2013-09-01
9,2013,"Weekday","EN","MA",300.55,2013-09-01
9,2013,"Weekday","EN","19",514.4,2013-09-01
9,2013,"Weekday","EN","12",622.15,2013-09-01
9,2013,"Weekday","EN","LM",151.65,2013-09-01
9,2013,"Weekday","EN","FV",155.15,2013-09-01
9,2013,"Weekday","EN","CL",184.9,2013-09-01
9,2013,"Weekday","EN","SL",76.8,2013-09-01
9,2013,"Weekday","EN","BF",61.3,2013-09-01
9,2013,"Weekday","EN","HY",82.55,2013-09-01
9,2013,"Weekday","EN","SH",34.05,2013-09-01
9,2013,"Weekday","EN","UC",40.2,2013-09-01
9,2013,"Weekday","EN","FM",101.3,2013-09-01
9,2013,"Weekday","EN","CN",45.15,2013-09-01
9,2013,"Weekday","EN","PH",21.5,2013-09-01
9,2013,"Weekday","EN","WC",49.95,2013-09-01
9,2013,"Weekday","EN","LF",13.6,2013-09-01
9,2013,"Weekday","EN","OR",16.4,2013-09-01
9,2013,"Weekday","EN","RR",38.5,2013-09-01
9,2013,"Weekday","EN","OW",45.85,2013-09-01
9,2013,"Weekday","EN","EM",982.4,2013-09-01
9,2013,"Weekday","EN","MT",1001.3,2013-09-01
9,2013,"Weekday","EN","PL",703.05,2013-09-01
9,2013,"Weekday","EN","CC",581.65,2013-09-01
9,2013,"Weekday","EN","16",166.4,2013-09-01
9,2013,"Weekday","EN","24",176.45,2013-09-01
9,2013,"Weekday","EN","GP",62.9,2013-09-01
9,2013,"Weekday","EN","BP",119.2,2013-09-01
9,2013,"Weekday","EN","DC",227.95,2013-09-01
9,2013,"Weekday","EN","CM",30.8,2013-09-01
9,2013,"Weekday","EN","CV",11.85,2013-09-01
9,2013,"Weekday","EN","ED",37.95,2013-09-01
9,2013,"Weekday","EN","NC",8.7,2013-09-01
9,2013,"Weekday","EN","WP",49.1,2013-09-01
9,2013,"Weekday","EN","SS",30.5,2013-09-01
9,2013,"Weekday","EN","SB",52.7,2013-09-01
9,2013,"Weekday","EN","SO",96.1,2013-09-01
9,2013,"Weekday","EN","MB",52.65,2013-09-01
9,2013,"Weekday","EN","WD",20.95,2013-09-01
9,2013,"Weekday","EP","RM",110.2,2013-09-01
9,2013,"Weekday","EP","EN",124.05,2013-09-01
9,2013,"Weekday","EP","EP",9.95,2013-09-01
9,2013,"Weekday","EP","NB",71.4,2013-09-01
9,2013,"Weekday","EP","BK",825.25,2013-09-01
9,2013,"Weekday","EP","AS",86.65,2013-09-01
9,2013,"Weekday","EP","MA",122.5,2013-09-01
9,2013,"Weekday","EP","19",277.9,2013-09-01
9,2013,"Weekday","EP","12",287.9,2013-09-01
9,2013,"Weekday","EP","LM",98.7,2013-09-01
9,2013,"Weekday","EP","FV",69.15,2013-09-01
9,2013,"Weekday","EP","CL",86.6,2013-09-01
9,2013,"Weekday","EP","SL",31.45,2013-09-01
9,2013,"Weekday","EP","BF",19.95,2013-09-01
9,2013,"Weekday","EP","HY",30.95,2013-09-01
9,2013,"Weekday","EP","SH",11.9,2013-09-01
9,2013,"Weekday","EP","UC",16.45,2013-09-01
9,2013,"Weekday","EP","FM",48.7,2013-09-01
9,2013,"Weekday","EP","CN",31.85,2013-09-01
9,2013,"Weekday","EP","PH",15.55,2013-09-01
9,2013,"Weekday","EP","WC",31.4,2013-09-01
9,2013,"Weekday","EP","LF",12.9,2013-09-01
9,2013,"Weekday","EP","OR",10.5,2013-09-01
9,2013,"Weekday","EP","RR",42.8,2013-09-01
9,2013,"Weekday","EP","OW",18.7,2013-09-01
9,2013,"Weekday","EP","EM",654,2013-09-01
9,2013,"Weekday","EP","MT",638.1,2013-09-01
9,2013,"Weekday","EP","PL",304.6,2013-09-01
9,2013,"Weekday","EP","CC",335.3,2013-09-01
9,2013,"Weekday","EP","16",92.1,2013-09-01
9,2013,"Weekday","EP","24",55.1,2013-09-01
9,2013,"Weekday","EP","GP",28.55,2013-09-01
9,2013,"Weekday","EP","BP",47.7,2013-09-01
9,2013,"Weekday","EP","DC",78.1,2013-09-01
9,2013,"Weekday","EP","CM",6.7,2013-09-01
9,2013,"Weekday","EP","CV",4.75,2013-09-01
9,2013,"Weekday","EP","ED",20.3,2013-09-01
9,2013,"Weekday","EP","NC",6,2013-09-01
9,2013,"Weekday","EP","WP",15.15,2013-09-01
9,2013,"Weekday","EP","SS",10.95,2013-09-01
9,2013,"Weekday","EP","SB",10.2,2013-09-01
9,2013,"Weekday","EP","SO",67.1,2013-09-01
9,2013,"Weekday","EP","MB",27.8,2013-09-01
9,2013,"Weekday","EP","WD",10.7,2013-09-01
9,2013,"Weekday","NB","RM",136.4,2013-09-01
9,2013,"Weekday","NB","EN",139.15,2013-09-01
9,2013,"Weekday","NB","EP",73.45,2013-09-01
9,2013,"Weekday","NB","NB",13.6,2013-09-01
9,2013,"Weekday","NB","BK",233.1,2013-09-01
9,2013,"Weekday","NB","AS",80.5,2013-09-01
9,2013,"Weekday","NB","MA",107.5,2013-09-01
9,2013,"Weekday","NB","19",234.45,2013-09-01
9,2013,"Weekday","NB","12",281.9,2013-09-01
9,2013,"Weekday","NB","LM",80.25,2013-09-01
9,2013,"Weekday","NB","FV",88.65,2013-09-01
9,2013,"Weekday","NB","CL",100.4,2013-09-01
9,2013,"Weekday","NB","SL",30.05,2013-09-01
9,2013,"Weekday","NB","BF",31.3,2013-09-01
9,2013,"Weekday","NB","HY",33.9,2013-09-01
9,2013,"Weekday","NB","SH",12.6,2013-09-01
9,2013,"Weekday","NB","UC",20.75,2013-09-01
9,2013,"Weekday","NB","FM",34.25,2013-09-01
9,2013,"Weekday","NB","CN",24.05,2013-09-01
9,2013,"Weekday","NB","PH",15.95,2013-09-01
9,2013,"Weekday","NB","WC",34.35,2013-09-01
9,2013,"Weekday","NB","LF",11.45,2013-09-01
9,2013,"Weekday","NB","OR",11.75,2013-09-01
9,2013,"Weekday","NB","RR",29.9,2013-09-01
9,2013,"Weekday","NB","OW",19.7,2013-09-01
9,2013,"Weekday","NB","EM",817.25,2013-09-01
9,2013,"Weekday","NB","MT",677.6,2013-09-01
9,2013,"Weekday","NB","PL",393.6,2013-09-01
9,2013,"Weekday","NB","CC",379.1,2013-09-01
9,2013,"Weekday","NB","16",143.15,2013-09-01
9,2013,"Weekday","NB","24",93.5,2013-09-01
9,2013,"Weekday","NB","GP",42.1,2013-09-01
9,2013,"Weekday","NB","BP",45.85,2013-09-01
9,2013,"Weekday","NB","DC",59,2013-09-01
9,2013,"Weekday","NB","CM",8.2,2013-09-01
9,2013,"Weekday","NB","CV",9.85,2013-09-01
9,2013,"Weekday","NB","ED",22,2013-09-01
9,2013,"Weekday","NB","NC",8.25,2013-09-01
9,2013,"Weekday","NB","WP",15.4,2013-09-01
9,2013,"Weekday","NB","SS",9.45,2013-09-01
9,2013,"Weekday","NB","SB",11.15,2013-09-01
9,2013,"Weekday","NB","SO",96.85,2013-09-01
9,2013,"Weekday","NB","MB",38.25,2013-09-01
9,2013,"Weekday","NB","WD",6.8,2013-09-01
9,2013,"Weekday","BK","RM",485.9,2013-09-01
9,2013,"Weekday","BK","EN",1131.25,2013-09-01
9,2013,"Weekday","BK","EP",806.6,2013-09-01
9,2013,"Weekday","BK","NB",210.75,2013-09-01
9,2013,"Weekday","BK","BK",36.8,2013-09-01
9,2013,"Weekday","BK","AS",360.85,2013-09-01
9,2013,"Weekday","BK","MA",474.05,2013-09-01
9,2013,"Weekday","BK","19",546.25,2013-09-01
9,2013,"Weekday","BK","12",547.5,2013-09-01
9,2013,"Weekday","BK","LM",333.25,2013-09-01
9,2013,"Weekday","BK","FV",355.5,2013-09-01
9,2013,"Weekday","BK","CL",297.3,2013-09-01
9,2013,"Weekday","BK","SL",211.5,2013-09-01
9,2013,"Weekday","BK","BF",172.25,2013-09-01
9,2013,"Weekday","BK","HY",167.2,2013-09-01
9,2013,"Weekday","BK","SH",102.35,2013-09-01
9,2013,"Weekday","BK","UC",171.6,2013-09-01
9,2013,"Weekday","BK","FM",360.85,2013-09-01
9,2013,"Weekday","BK","CN",153.35,2013-09-01
9,2013,"Weekday","BK","PH",178.4,2013-09-01
9,2013,"Weekday","BK","WC",157.45,2013-09-01
9,2013,"Weekday","BK","LF",96.3,2013-09-01
9,2013,"Weekday","BK","OR",66.05,2013-09-01
9,2013,"Weekday","BK","RR",81.05,2013-09-01
9,2013,"Weekday","BK","OW",108.5,2013-09-01
9,2013,"Weekday","BK","EM",1288.35,2013-09-01
9,2013,"Weekday","BK","MT",989.7,2013-09-01
9,2013,"Weekday","BK","PL",870.1,2013-09-01
9,2013,"Weekday","BK","CC",640.2,2013-09-01
9,2013,"Weekday","BK","16",379.65,2013-09-01
9,2013,"Weekday","BK","24",339.8,2013-09-01
9,2013,"Weekday","BK","GP",149.35,2013-09-01
9,2013,"Weekday","BK","BP",135.75,2013-09-01
9,2013,"Weekday","BK","DC",178.2,2013-09-01
9,2013,"Weekday","BK","CM",43.8,2013-09-01
9,2013,"Weekday","BK","CV",65.25,2013-09-01
9,2013,"Weekday","BK","ED",139.05,2013-09-01
9,2013,"Weekday","BK","NC",60.7,2013-09-01
9,2013,"Weekday","BK","WP",115.95,2013-09-01
9,2013,"Weekday","BK","SS",39.55,2013-09-01
9,2013,"Weekday","BK","SB",50.1,2013-09-01
9,2013,"Weekday","BK","SO",178.45,2013-09-01
9,2013,"Weekday","BK","MB",184.35,2013-09-01
9,2013,"Weekday","BK","WD",68.1,2013-09-01
9,2013,"Weekday","AS","RM",115.9,2013-09-01
9,2013,"Weekday","AS","EN",165.45,2013-09-01
9,2013,"Weekday","AS","EP",85.1,2013-09-01
9,2013,"Weekday","AS","NB",74.05,2013-09-01
9,2013,"Weekday","AS","BK",425,2013-09-01
9,2013,"Weekday","AS","AS",14.6,2013-09-01
9,2013,"Weekday","AS","MA",113.9,2013-09-01
9,2013,"Weekday","AS","19",267.65,2013-09-01
9,2013,"Weekday","AS","12",263.05,2013-09-01
9,2013,"Weekday","AS","LM",97.65,2013-09-01
9,2013,"Weekday","AS","FV",130.05,2013-09-01
9,2013,"Weekday","AS","CL",125.05,2013-09-01
9,2013,"Weekday","AS","SL",47,2013-09-01
9,2013,"Weekday","AS","BF",45.55,2013-09-01
9,2013,"Weekday","AS","HY",50.7,2013-09-01
9,2013,"Weekday","AS","SH",28.2,2013-09-01
9,2013,"Weekday","AS","UC",40.25,2013-09-01
9,2013,"Weekday","AS","FM",74.75,2013-09-01
9,2013,"Weekday","AS","CN",29.6,2013-09-01
9,2013,"Weekday","AS","PH",24.3,2013-09-01
9,2013,"Weekday","AS","WC",39.25,2013-09-01
9,2013,"Weekday","AS","LF",11.25,2013-09-01
9,2013,"Weekday","AS","OR",9.15,2013-09-01
9,2013,"Weekday","AS","RR",21.6,2013-09-01
9,2013,"Weekday","AS","OW",45.05,2013-09-01
9,2013,"Weekday","AS","EM",886.3,2013-09-01
9,2013,"Weekday","AS","MT",774.05,2013-09-01
9,2013,"Weekday","AS","PL",423,2013-09-01
9,2013,"Weekday","AS","CC",473.75,2013-09-01
9,2013,"Weekday","AS","16",222.2,2013-09-01
9,2013,"Weekday","AS","24",140.65,2013-09-01
9,2013,"Weekday","AS","GP",45.35,2013-09-01
9,2013,"Weekday","AS","BP",65.3,2013-09-01
9,2013,"Weekday","AS","DC",86.65,2013-09-01
9,2013,"Weekday","AS","CM",12.9,2013-09-01
9,2013,"Weekday","AS","CV",16.7,2013-09-01
9,2013,"Weekday","AS","ED",24.35,2013-09-01
9,2013,"Weekday","AS","NC",10.1,2013-09-01
9,2013,"Weekday","AS","WP",33.55,2013-09-01
9,2013,"Weekday","AS","SS",9.35,2013-09-01
9,2013,"Weekday","AS","SB",16.85,2013-09-01
9,2013,"Weekday","AS","SO",64.5,2013-09-01
9,2013,"Weekday","AS","MB",32.7,2013-09-01
9,2013,"Weekday","AS","WD",12.5,2013-09-01
9,2013,"Weekday","MA","RM",175.85,2013-09-01
9,2013,"Weekday","MA","EN",302.65,2013-09-01
9,2013,"Weekday","MA","EP",136.1,2013-09-01
9,2013,"Weekday","MA","NB",106.65,2013-09-01
9,2013,"Weekday","MA","BK",530.6,2013-09-01
9,2013,"Weekday","MA","AS",106.9,2013-09-01
9,2013,"Weekday","MA","MA",20,2013-09-01
9,2013,"Weekday","MA","19",174.45,2013-09-01
9,2013,"Weekday","MA","12",241.7,2013-09-01
9,2013,"Weekday","MA","LM",106.65,2013-09-01
9,2013,"Weekday","MA","FV",221.25,2013-09-01
9,2013,"Weekday","MA","CL",257.75,2013-09-01
9,2013,"Weekday","MA","SL",136.75,2013-09-01
9,2013,"Weekday","MA","BF",135.95,2013-09-01
9,2013,"Weekday","MA","HY",129.3,2013-09-01
9,2013,"Weekday","MA","SH",61.35,2013-09-01
9,2013,"Weekday","MA","UC",99.4,2013-09-01
9,2013,"Weekday","MA","FM",167.65,2013-09-01
9,2013,"Weekday","MA","CN",157.15,2013-09-01
9,2013,"Weekday","MA","PH",131.85,2013-09-01
9,2013,"Weekday","MA","WC",153.5,2013-09-01
9,2013,"Weekday","MA","LF",60.75,2013-09-01
9,2013,"Weekday","MA","OR",55.2,2013-09-01
9,2013,"Weekday","MA","RR",75.4,2013-09-01
9,2013,"Weekday","MA","OW",74.9,2013-09-01
9,2013,"Weekday","MA","EM",1172.3,2013-09-01
9,2013,"Weekday","MA","MT",1132.65,2013-09-01
9,2013,"Weekday","MA","PL",761.45,2013-09-01
9,2013,"Weekday","MA","CC",745.1,2013-09-01
9,2013,"Weekday","MA","16",365.85,2013-09-01
9,2013,"Weekday","MA","24",244.8,2013-09-01
9,2013,"Weekday","MA","GP",80.35,2013-09-01
9,2013,"Weekday","MA","BP",108.4,2013-09-01
9,2013,"Weekday","MA","DC",134.6,2013-09-01
9,2013,"Weekday","MA","CM",32.25,2013-09-01
9,2013,"Weekday","MA","CV",35.05,2013-09-01
9,2013,"Weekday","MA","ED",64.9,2013-09-01
9,2013,"Weekday","MA","NC",50.65,2013-09-01
9,2013,"Weekday","MA","WP",240.15,2013-09-01
9,2013,"Weekday","MA","SS",24.05,2013-09-01
9,2013,"Weekday","MA","SB",36.35,2013-09-01
9,2013,"Weekday","MA","SO",119.7,2013-09-01
9,2013,"Weekday","MA","MB",68.35,2013-09-01
9,2013,"Weekday","MA","WD",32,2013-09-01
9,2013,"Weekday","19","RM",151.5,2013-09-01
9,2013,"Weekday","19","EN",503,2013-09-01
9,2013,"Weekday","19","EP",277.4,2013-09-01
9,2013,"Weekday","19","NB",225.05,2013-09-01
9,2013,"Weekday","19","BK",601.7,2013-09-01
9,2013,"Weekday","19","AS",265.95,2013-09-01
9,2013,"Weekday","19","MA",184.25,2013-09-01
9,2013,"Weekday","19","19",22.4,2013-09-01
9,2013,"Weekday","19","12",48.95,2013-09-01
9,2013,"Weekday","19","LM",53.5,2013-09-01
9,2013,"Weekday","19","FV",203.35,2013-09-01
9,2013,"Weekday","19","CL",264.65,2013-09-01
9,2013,"Weekday","19","SL",242.4,2013-09-01
9,2013,"Weekday","19","BF",232.35,2013-09-01
9,2013,"Weekday","19","HY",212.75,2013-09-01
9,2013,"Weekday","19","SH",151.85,2013-09-01
9,2013,"Weekday","19","UC",207.4,2013-09-01
9,2013,"Weekday","19","FM",384.65,2013-09-01
9,2013,"Weekday","19","CN",299.15,2013-09-01
9,2013,"Weekday","19","PH",337.4,2013-09-01
9,2013,"Weekday","19","WC",297.3,2013-09-01
9,2013,"Weekday","19","LF",160.8,2013-09-01
9,2013,"Weekday","19","OR",110.15,2013-09-01
9,2013,"Weekday","19","RR",196.4,2013-09-01
9,2013,"Weekday","19","OW",76.05,2013-09-01
9,2013,"Weekday","19","EM",1349.7,2013-09-01
9,2013,"Weekday","19","MT",1119.25,2013-09-01
9,2013,"Weekday","19","PL",782,2013-09-01
9,2013,"Weekday","19","CC",714,2013-09-01
9,2013,"Weekday","19","16",365.05,2013-09-01
9,2013,"Weekday","19","24",296.4,2013-09-01
9,2013,"Weekday","19","GP",142.55,2013-09-01
9,2013,"Weekday","19","BP",126.25,2013-09-01
9,2013,"Weekday","19","DC",179.6,2013-09-01
9,2013,"Weekday","19","CM",69.7,2013-09-01
9,2013,"Weekday","19","CV",90.35,2013-09-01
9,2013,"Weekday","19","ED",188,2013-09-01
9,2013,"Weekday","19","NC",172.9,2013-09-01
9,2013,"Weekday","19","WP",257.7,2013-09-01
9,2013,"Weekday","19","SS",64.6,2013-09-01
9,2013,"Weekday","19","SB",49.6,2013-09-01
9,2013,"Weekday","19","SO",89.45,2013-09-01
9,2013,"Weekday","19","MB",106.75,2013-09-01
9,2013,"Weekday","19","WD",84.25,2013-09-01
9,2013,"Weekday","12","RM",197.9,2013-09-01
9,2013,"Weekday","12","EN",639.4,2013-09-01
9,2013,"Weekday","12","EP",293.35,2013-09-01
9,2013,"Weekday","12","NB",261.25,2013-09-01
9,2013,"Weekday","12","BK",635.35,2013-09-01
9,2013,"Weekday","12","AS",271.9,2013-09-01
9,2013,"Weekday","12","MA",250.65,2013-09-01
9,2013,"Weekday","12","19",51.45,2013-09-01
9,2013,"Weekday","12","12",28.6,2013-09-01
9,2013,"Weekday","12","LM",56.65,2013-09-01
9,2013,"Weekday","12","FV",261.45,2013-09-01
9,2013,"Weekday","12","CL",404.9,2013-09-01
9,2013,"Weekday","12","SL",355.85,2013-09-01
9,2013,"Weekday","12","BF",354,2013-09-01
9,2013,"Weekday","12","HY",309.7,2013-09-01
9,2013,"Weekday","12","SH",182.35,2013-09-01
9,2013,"Weekday","12","UC",238.95,2013-09-01
9,2013,"Weekday","12","FM",388.85,2013-09-01
9,2013,"Weekday","12","CN",329.25,2013-09-01
9,2013,"Weekday","12","PH",325.55,2013-09-01
9,2013,"Weekday","12","WC",286.05,2013-09-01
9,2013,"Weekday","12","LF",167.6,2013-09-01
9,2013,"Weekday","12","OR",114.95,2013-09-01
9,2013,"Weekday","12","RR",216.9,2013-09-01
9,2013,"Weekday","12","OW",115.05,2013-09-01
9,2013,"Weekday","12","EM",1464.75,2013-09-01
9,2013,"Weekday","12","MT",1145.45,2013-09-01
9,2013,"Weekday","12","PL",881.45,2013-09-01
9,2013,"Weekday","12","CC",678.45,2013-09-01
9,2013,"Weekday","12","16",297,2013-09-01
9,2013,"Weekday","12","24",282.95,2013-09-01
9,2013,"Weekday","12","GP",160.05,2013-09-01
9,2013,"Weekday","12","BP",169.7,2013-09-01
9,2013,"Weekday","12","DC",211.5,2013-09-01
9,2013,"Weekday","12","CM",104.6,2013-09-01
9,2013,"Weekday","12","CV",110.1,2013-09-01
9,2013,"Weekday","12","ED",231.5,2013-09-01
9,2013,"Weekday","12","NC",155.4,2013-09-01
9,2013,"Weekday","12","WP",326.3,2013-09-01
9,2013,"Weekday","12","SS",78.2,2013-09-01
9,2013,"Weekday","12","SB",81.1,2013-09-01
9,2013,"Weekday","12","SO",121.95,2013-09-01
9,2013,"Weekday","12","MB",129.7,2013-09-01
9,2013,"Weekday","12","WD",123.25,2013-09-01
9,2013,"Weekday","LM","RM",66.2,2013-09-01
9,2013,"Weekday","LM","EN",156.7,2013-09-01
9,2013,"Weekday","LM","EP",89.95,2013-09-01
9,2013,"Weekday","LM","NB",77.4,2013-09-01
9,2013,"Weekday","LM","BK",336.5,2013-09-01
9,2013,"Weekday","LM","AS",99.3,2013-09-01
9,2013,"Weekday","LM","MA",111.65,2013-09-01
9,2013,"Weekday","LM","19",54.4,2013-09-01
9,2013,"Weekday","LM","12",61.2,2013-09-01
9,2013,"Weekday","LM","LM",14.25,2013-09-01
9,2013,"Weekday","LM","FV",201.1,2013-09-01
9,2013,"Weekday","LM","CL",319.3,2013-09-01
9,2013,"Weekday","LM","SL",298.05,2013-09-01
9,2013,"Weekday","LM","BF",283.75,2013-09-01
9,2013,"Weekday","LM","HY",182.75,2013-09-01
9,2013,"Weekday","LM","SH",103.75,2013-09-01
9,2013,"Weekday","LM","UC",125.3,2013-09-01
9,2013,"Weekday","LM","FM",192.85,2013-09-01
9,2013,"Weekday","LM","CN",34.7,2013-09-01
9,2013,"Weekday","LM","PH",34.75,2013-09-01
9,2013,"Weekday","LM","WC",40.9,2013-09-01
9,2013,"Weekday","LM","LF",14.35,2013-09-01
9,2013,"Weekday","LM","OR",9.95,2013-09-01
9,2013,"Weekday","LM","RR",39.6,2013-09-01
9,2013,"Weekday","LM","OW",54.85,2013-09-01
9,2013,"Weekday","LM","EM",952.8,2013-09-01
9,2013,"Weekday","LM","MT",849.65,2013-09-01
9,2013,"Weekday","LM","PL",550.8,2013-09-01
9,2013,"Weekday","LM","CC",471.45,2013-09-01
9,2013,"Weekday","LM","16",201.95,2013-09-01
9,2013,"Weekday","LM","24",131.65,2013-09-01
9,2013,"Weekday","LM","GP",56.6,2013-09-01
9,2013,"Weekday","LM","BP",105.15,2013-09-01
9,2013,"Weekday","LM","DC",175.2,2013-09-01
9,2013,"Weekday","LM","CM",9.85,2013-09-01
9,2013,"Weekday","LM","CV",107.2,2013-09-01
9,2013,"Weekday","LM","ED",178.15,2013-09-01
9,2013,"Weekday","LM","NC",16.4,2013-09-01
9,2013,"Weekday","LM","WP",55.45,2013-09-01
9,2013,"Weekday","LM","SS",9.65,2013-09-01
9,2013,"Weekday","LM","SB",14.85,2013-09-01
9,2013,"Weekday","LM","SO",38,2013-09-01
9,2013,"Weekday","LM","MB",22.75,2013-09-01
9,2013,"Weekday","LM","WD",77.4,2013-09-01
9,2013,"Weekday","FV","RM",108.9,2013-09-01
9,2013,"Weekday","FV","EN",163.65,2013-09-01
9,2013,"Weekday","FV","EP",66.15,2013-09-01
9,2013,"Weekday","FV","NB",85,2013-09-01
9,2013,"Weekday","FV","BK",360.1,2013-09-01
9,2013,"Weekday","FV","AS",123.5,2013-09-01
9,2013,"Weekday","FV","MA",211.7,2013-09-01
9,2013,"Weekday","FV","19",186.1,2013-09-01
9,2013,"Weekday","FV","12",236.45,2013-09-01
9,2013,"Weekday","FV","LM",197.8,2013-09-01
9,2013,"Weekday","FV","FV",17.1,2013-09-01
9,2013,"Weekday","FV","CL",358.55,2013-09-01
9,2013,"Weekday","FV","SL",276.9,2013-09-01
9,2013,"Weekday","FV","BF",299.9,2013-09-01
9,2013,"Weekday","FV","HY",278.35,2013-09-01
9,2013,"Weekday","FV","SH",106.95,2013-09-01
9,2013,"Weekday","FV","UC",103.1,2013-09-01
9,2013,"Weekday","FV","FM",173.15,2013-09-01
9,2013,"Weekday","FV","CN",59.45,2013-09-01
9,2013,"Weekday","FV","PH",34,2013-09-01
9,2013,"Weekday","FV","WC",49.6,2013-09-01
9,2013,"Weekday","FV","LF",25.4,2013-09-01
9,2013,"Weekday","FV","OR",36.1,2013-09-01
9,2013,"Weekday","FV","RR",58.45,2013-09-01
9,2013,"Weekday","FV","OW",131.65,2013-09-01
9,2013,"Weekday","FV","EM",1037.35,2013-09-01
9,2013,"Weekday","FV","MT",961.05,2013-09-01
9,2013,"Weekday","FV","PL",737.55,2013-09-01
9,2013,"Weekday","FV","CC",707,2013-09-01
9,2013,"Weekday","FV","16",255.8,2013-09-01
9,2013,"Weekday","FV","24",217.25,2013-09-01
9,2013,"Weekday","FV","GP",64.75,2013-09-01
9,2013,"Weekday","FV","BP",120.55,2013-09-01
9,2013,"Weekday","FV","DC",217.95,2013-09-01
9,2013,"Weekday","FV","CM",14.8,2013-09-01
9,2013,"Weekday","FV","CV",70.8,2013-09-01
9,2013,"Weekday","FV","ED",140.85,2013-09-01
9,2013,"Weekday","FV","NC",12.6,2013-09-01
9,2013,"Weekday","FV","WP",67.25,2013-09-01
9,2013,"Weekday","FV","SS",10.95,2013-09-01
9,2013,"Weekday","FV","SB",35.6,2013-09-01
9,2013,"Weekday","FV","SO",59,2013-09-01
9,2013,"Weekday","FV","MB",36.55,2013-09-01
9,2013,"Weekday","FV","WD",60.75,2013-09-01
9,2013,"Weekday","CL","RM",96.6,2013-09-01
9,2013,"Weekday","CL","EN",188.9,2013-09-01
9,2013,"Weekday","CL","EP",87.6,2013-09-01
9,2013,"Weekday","CL","NB",99.75,2013-09-01
9,2013,"Weekday","CL","BK",295.75,2013-09-01
9,2013,"Weekday","CL","AS",116.75,2013-09-01
9,2013,"Weekday","CL","MA",227.2,2013-09-01
9,2013,"Weekday","CL","19",225.95,2013-09-01
9,2013,"Weekday","CL","12",385,2013-09-01
9,2013,"Weekday","CL","LM",337.3,2013-09-01
9,2013,"Weekday","CL","FV",361.45,2013-09-01
9,2013,"Weekday","CL","CL",16.8,2013-09-01
9,2013,"Weekday","CL","SL",203.25,2013-09-01
9,2013,"Weekday","CL","BF",265.3,2013-09-01
9,2013,"Weekday","CL","HY",249.85,2013-09-01
9,2013,"Weekday","CL","SH",117.15,2013-09-01
9,2013,"Weekday","CL","UC",149.55,2013-09-01
9,2013,"Weekday","CL","FM",250.3,2013-09-01
9,2013,"Weekday","CL","CN",101,2013-09-01
9,2013,"Weekday","CL","PH",95.7,2013-09-01
9,2013,"Weekday","CL","WC",107.6,2013-09-01
9,2013,"Weekday","CL","LF",52.8,2013-09-01
9,2013,"Weekday","CL","OR",38.1,2013-09-01
9,2013,"Weekday","CL","RR",83.45,2013-09-01
9,2013,"Weekday","CL","OW",130.65,2013-09-01
9,2013,"Weekday","CL","EM",716.2,2013-09-01
9,2013,"Weekday","CL","MT",555.9,2013-09-01
9,2013,"Weekday","CL","PL",573.55,2013-09-01
9,2013,"Weekday","CL","CC",413.1,2013-09-01
9,2013,"Weekday","CL","16",137.1,2013-09-01
9,2013,"Weekday","CL","24",137.85,2013-09-01
9,2013,"Weekday","CL","GP",63,2013-09-01
9,2013,"Weekday","CL","BP",85.25,2013-09-01
9,2013,"Weekday","CL","DC",158.35,2013-09-01
9,2013,"Weekday","CL","CM",17.35,2013-09-01
9,2013,"Weekday","CL","CV",107.2,2013-09-01
9,2013,"Weekday","CL","ED",294.75,2013-09-01
9,2013,"Weekday","CL","NC",39.25,2013-09-01
9,2013,"Weekday","CL","WP",132.4,2013-09-01
9,2013,"Weekday","CL","SS",22.1,2013-09-01
9,2013,"Weekday","CL","SB",29,2013-09-01
9,2013,"Weekday","CL","SO",54.95,2013-09-01
9,2013,"Weekday","CL","MB",30.5,2013-09-01
9,2013,"Weekday","CL","WD",138.3,2013-09-01
9,2013,"Weekday","SL","RM",49.95,2013-09-01
9,2013,"Weekday","SL","EN",71.85,2013-09-01
9,2013,"Weekday","SL","EP",28,2013-09-01
9,2013,"Weekday","SL","NB",27.7,2013-09-01
9,2013,"Weekday","SL","BK",225,2013-09-01
9,2013,"Weekday","SL","AS",45.25,2013-09-01
9,2013,"Weekday","SL","MA",128.95,2013-09-01
9,2013,"Weekday","SL","19",229.45,2013-09-01
9,2013,"Weekday","SL","12",340,2013-09-01
9,2013,"Weekday","SL","LM",310.1,2013-09-01
9,2013,"Weekday","SL","FV",261.75,2013-09-01
9,2013,"Weekday","SL","CL",194.45,2013-09-01
9,2013,"Weekday","SL","SL",15.5,2013-09-01
9,2013,"Weekday","SL","BF",131.35,2013-09-01
9,2013,"Weekday","SL","HY",199.5,2013-09-01
9,2013,"Weekday","SL","SH",87.15,2013-09-01
9,2013,"Weekday","SL","UC",96.35,2013-09-01
9,2013,"Weekday","SL","FM",142.65,2013-09-01
9,2013,"Weekday","SL","CN",47.55,2013-09-01
9,2013,"Weekday","SL","PH",23.3,2013-09-01
9,2013,"Weekday","SL","WC",22.45,2013-09-01
9,2013,"Weekday","SL","LF",12.1,2013-09-01
9,2013,"Weekday","SL","OR",10.9,2013-09-01
9,2013,"Weekday","SL","RR",26.45,2013-09-01
9,2013,"Weekday","SL","OW",48.5,2013-09-01
9,2013,"Weekday","SL","EM",902,2013-09-01
9,2013,"Weekday","SL","MT",695.8,2013-09-01
9,2013,"Weekday","SL","PL",439.6,2013-09-01
9,2013,"Weekday","SL","CC",384.05,2013-09-01
9,2013,"Weekday","SL","16",102.4,2013-09-01
9,2013,"Weekday","SL","24",80.75,2013-09-01
9,2013,"Weekday","SL","GP",32.35,2013-09-01
9,2013,"Weekday","SL","BP",68.45,2013-09-01
9,2013,"Weekday","SL","DC",122.55,2013-09-01
9,2013,"Weekday","SL","CM",11.5,2013-09-01
9,2013,"Weekday","SL","CV",50,2013-09-01
9,2013,"Weekday","SL","ED",105.6,2013-09-01
9,2013,"Weekday","SL","NC",11.3,2013-09-01
9,2013,"Weekday","SL","WP",48.65,2013-09-01
9,2013,"Weekday","SL","SS",11.95,2013-09-01
9,2013,"Weekday","SL","SB",16.7,2013-09-01
9,2013,"Weekday","SL","SO",39.65,2013-09-01
9,2013,"Weekday","SL","MB",19.75,2013-09-01
9,2013,"Weekday","SL","WD",49.55,2013-09-01
9,2013,"Weekday","BF","RM",40.3,2013-09-01
9,2013,"Weekday","BF","EN",63.85,2013-09-01
9,2013,"Weekday","BF","EP",22.7,2013-09-01
9,2013,"Weekday","BF","NB",26.5,2013-09-01
9,2013,"Weekday","BF","BK",168.9,2013-09-01
9,2013,"Weekday","BF","AS",44.5,2013-09-01
9,2013,"Weekday","BF","MA",140.25,2013-09-01
9,2013,"Weekday","BF","19",220.25,2013-09-01
9,2013,"Weekday","BF","12",353.5,2013-09-01
9,2013,"Weekday","BF","LM",281.75,2013-09-01
9,2013,"Weekday","BF","FV",316.65,2013-09-01
9,2013,"Weekday","BF","CL",270.25,2013-09-01
9,2013,"Weekday","BF","SL",134.7,2013-09-01
9,2013,"Weekday","BF","BF",14.1,2013-09-01
9,2013,"Weekday","BF","HY",221,2013-09-01
9,2013,"Weekday","BF","SH",114.85,2013-09-01
9,2013,"Weekday","BF","UC",153.85,2013-09-01
9,2013,"Weekday","BF","FM",277.75,2013-09-01
9,2013,"Weekday","BF","CN",32.85,2013-09-01
9,2013,"Weekday","BF","PH",15.7,2013-09-01
9,2013,"Weekday","BF","WC",22.95,2013-09-01
9,2013,"Weekday","BF","LF",5.05,2013-09-01
9,2013,"Weekday","BF","OR",5.65,2013-09-01
9,2013,"Weekday","BF","RR",20.2,2013-09-01
9,2013,"Weekday","BF","OW",63.2,2013-09-01
9,2013,"Weekday","BF","EM",773.65,2013-09-01
9,2013,"Weekday","BF","MT",639.3,2013-09-01
9,2013,"Weekday","BF","PL",429.05,2013-09-01
9,2013,"Weekday","BF","CC",352.35,2013-09-01
9,2013,"Weekday","BF","16",99.5,2013-09-01
9,2013,"Weekday","BF","24",73.55,2013-09-01
9,2013,"Weekday","BF","GP",25.05,2013-09-01
9,2013,"Weekday","BF","BP",53.25,2013-09-01
9,2013,"Weekday","BF","DC",127.7,2013-09-01
9,2013,"Weekday","BF","CM",11.05,2013-09-01
9,2013,"Weekday","BF","CV",75.4,2013-09-01
9,2013,"Weekday","BF","ED",223.75,2013-09-01
9,2013,"Weekday","BF","NC",7.75,2013-09-01
9,2013,"Weekday","BF","WP",29.7,2013-09-01
9,2013,"Weekday","BF","SS",7.9,2013-09-01
9,2013,"Weekday","BF","SB",17.4,2013-09-01
9,2013,"Weekday","BF","SO",25.35,2013-09-01
9,2013,"Weekday","BF","MB",11.6,2013-09-01
9,2013,"Weekday","BF","WD",118.65,2013-09-01
9,2013,"Weekday","HY","RM",39,2013-09-01
9,2013,"Weekday","HY","EN",83.05,2013-09-01
9,2013,"Weekday","HY","EP",29.35,2013-09-01
9,2013,"Weekday","HY","NB",32,2013-09-01
9,2013,"Weekday","HY","BK",178.8,2013-09-01
9,2013,"Weekday","HY","AS",49.15,2013-09-01
9,2013,"Weekday","HY","MA",130.45,2013-09-01
9,2013,"Weekday","HY","19",210.45,2013-09-01
9,2013,"Weekday","HY","12",320.8,2013-09-01
9,2013,"Weekday","HY","LM",188.3,2013-09-01
9,2013,"Weekday","HY","FV",271.9,2013-09-01
9,2013,"Weekday","HY","CL",246.5,2013-09-01
9,2013,"Weekday","HY","SL",188.2,2013-09-01
9,2013,"Weekday","HY","BF",189.4,2013-09-01
9,2013,"Weekday","HY","HY",12.05,2013-09-01
9,2013,"Weekday","HY","SH",118.55,2013-09-01
9,2013,"Weekday","HY","UC",206.65,2013-09-01
9,2013,"Weekday","HY","FM",398.95,2013-09-01
9,2013,"Weekday","HY","CN",37.5,2013-09-01
9,2013,"Weekday","HY","PH",23.15,2013-09-01
9,2013,"Weekday","HY","WC",19.7,2013-09-01
9,2013,"Weekday","HY","LF",10.15,2013-09-01
9,2013,"Weekday","HY","OR",6.8,2013-09-01
9,2013,"Weekday","HY","RR",17.85,2013-09-01
9,2013,"Weekday","HY","OW",38.1,2013-09-01
9,2013,"Weekday","HY","EM",566.8,2013-09-01
9,2013,"Weekday","HY","MT",508.75,2013-09-01
9,2013,"Weekday","HY","PL",302.55,2013-09-01
9,2013,"Weekday","HY","CC",264,2013-09-01
9,2013,"Weekday","HY","16",83.8,2013-09-01
9,2013,"Weekday","HY","24",53.5,2013-09-01
9,2013,"Weekday","HY","GP",26.7,2013-09-01
9,2013,"Weekday","HY","BP",45.1,2013-09-01
9,2013,"Weekday","HY","DC",77.2,2013-09-01
9,2013,"Weekday","HY","CM",9.75,2013-09-01
9,2013,"Weekday","HY","CV",32.8,2013-09-01
9,2013,"Weekday","HY","ED",82.85,2013-09-01
9,2013,"Weekday","HY","NC",11.1,2013-09-01
9,2013,"Weekday","HY","WP",46.75,2013-09-01
9,2013,"Weekday","HY","SS",10.35,2013-09-01
9,2013,"Weekday","HY","SB",11.2,2013-09-01
9,2013,"Weekday","HY","SO",21.95,2013-09-01
9,2013,"Weekday","HY","MB",9.3,2013-09-01
9,2013,"Weekday","HY","WD",43.3,2013-09-01
9,2013,"Weekday","SH","RM",23.85,2013-09-01
9,2013,"Weekday","SH","EN",33.8,2013-09-01
9,2013,"Weekday","SH","EP",13.05,2013-09-01
9,2013,"Weekday","SH","NB",11.35,2013-09-01
9,2013,"Weekday","SH","BK",106.85,2013-09-01
9,2013,"Weekday","SH","AS",32.25,2013-09-01
9,2013,"Weekday","SH","MA",67.75,2013-09-01
9,2013,"Weekday","SH","19",161.15,2013-09-01
9,2013,"Weekday","SH","12",187.7,2013-09-01
9,2013,"Weekday","SH","LM",113.4,2013-09-01
9,2013,"Weekday","SH","FV",106.35,2013-09-01
9,2013,"Weekday","SH","CL",126.2,2013-09-01
9,2013,"Weekday","SH","SL",89.05,2013-09-01
9,2013,"Weekday","SH","BF",116.6,2013-09-01
9,2013,"Weekday","SH","HY",128.5,2013-09-01
9,2013,"Weekday","SH","SH",8.85,2013-09-01
9,2013,"Weekday","SH","UC",86.35,2013-09-01
9,2013,"Weekday","SH","FM",241.5,2013-09-01
9,2013,"Weekday","SH","CN",17.5,2013-09-01
9,2013,"Weekday","SH","PH",13.15,2013-09-01
9,2013,"Weekday","SH","WC",14.75,2013-09-01
9,2013,"Weekday","SH","LF",2.6,2013-09-01
9,2013,"Weekday","SH","OR",3.35,2013-09-01
9,2013,"Weekday","SH","RR",9.75,2013-09-01
9,2013,"Weekday","SH","OW",18.3,2013-09-01
9,2013,"Weekday","SH","EM",489.85,2013-09-01
9,2013,"Weekday","SH","MT",393,2013-09-01
9,2013,"Weekday","SH","PL",219.25,2013-09-01
9,2013,"Weekday","SH","CC",210.8,2013-09-01
9,2013,"Weekday","SH","16",63.2,2013-09-01
9,2013,"Weekday","SH","24",45.55,2013-09-01
9,2013,"Weekday","SH","GP",11.65,2013-09-01
9,2013,"Weekday","SH","BP",29.85,2013-09-01
9,2013,"Weekday","SH","DC",83.2,2013-09-01
9,2013,"Weekday","SH","CM",7.3,2013-09-01
9,2013,"Weekday","SH","CV",28.05,2013-09-01
9,2013,"Weekday","SH","ED",51.2,2013-09-01
9,2013,"Weekday","SH","NC",4.7,2013-09-01
9,2013,"Weekday","SH","WP",17.9,2013-09-01
9,2013,"Weekday","SH","SS",9.75,2013-09-01
9,2013,"Weekday","SH","SB",7.85,2013-09-01
9,2013,"Weekday","SH","SO",14.5,2013-09-01
9,2013,"Weekday","SH","MB",5.55,2013-09-01
9,2013,"Weekday","SH","WD",30.65,2013-09-01
9,2013,"Weekday","UC","RM",15.55,2013-09-01
9,2013,"Weekday","UC","EN",42.15,2013-09-01
9,2013,"Weekday","UC","EP",13.85,2013-09-01
9,2013,"Weekday","UC","NB",18.45,2013-09-01
9,2013,"Weekday","UC","BK",179.15,2013-09-01
9,2013,"Weekday","UC","AS",36.1,2013-09-01
9,2013,"Weekday","UC","MA",96.75,2013-09-01
9,2013,"Weekday","UC","19",204.15,2013-09-01
9,2013,"Weekday","UC","12",246.5,2013-09-01
9,2013,"Weekday","UC","LM",129.8,2013-09-01
9,2013,"Weekday","UC","FV",98.65,2013-09-01
9,2013,"Weekday","UC","CL",142.15,2013-09-01
9,2013,"Weekday","UC","SL",92.55,2013-09-01
9,2013,"Weekday","UC","BF",141.35,2013-09-01
9,2013,"Weekday","UC","HY",200.45,2013-09-01
9,2013,"Weekday","UC","SH",79.7,2013-09-01
9,2013,"Weekday","UC","UC",18.9,2013-09-01
9,2013,"Weekday","UC","FM",224.1,2013-09-01
9,2013,"Weekday","UC","CN",17.15,2013-09-01
9,2013,"Weekday","UC","PH",15.85,2013-09-01
9,2013,"Weekday","UC","WC",18.1,2013-09-01
9,2013,"Weekday","UC","LF",4.05,2013-09-01
9,2013,"Weekday","UC","OR",6.65,2013-09-01
9,2013,"Weekday","UC","RR",12.5,2013-09-01
9,2013,"Weekday","UC","OW",16.2,2013-09-01
9,2013,"Weekday","UC","EM",982.2,2013-09-01
9,2013,"Weekday","UC","MT",751.95,2013-09-01
9,2013,"Weekday","UC","PL",333.6,2013-09-01
9,2013,"Weekday","UC","CC",249.95,2013-09-01
9,2013,"Weekday","UC","16",69.05,2013-09-01
9,2013,"Weekday","UC","24",27.25,2013-09-01
9,2013,"Weekday","UC","GP",12.85,2013-09-01
9,2013,"Weekday","UC","BP",30.2,2013-09-01
9,2013,"Weekday","UC","DC",105.15,2013-09-01
9,2013,"Weekday","UC","CM",10.85,2013-09-01
9,2013,"Weekday","UC","CV",27.45,2013-09-01
9,2013,"Weekday","UC","ED",66.05,2013-09-01
9,2013,"Weekday","UC","NC",5.55,2013-09-01
9,2013,"Weekday","UC","WP",24.25,2013-09-01
9,2013,"Weekday","UC","SS",6.6,2013-09-01
9,2013,"Weekday","UC","SB",7.1,2013-09-01
9,2013,"Weekday","UC","SO",22.5,2013-09-01
9,2013,"Weekday","UC","MB",5.15,2013-09-01
9,2013,"Weekday","UC","WD",27.3,2013-09-01
9,2013,"Weekday","FM","RM",39.45,2013-09-01
9,2013,"Weekday","FM","EN",93.95,2013-09-01
9,2013,"Weekday","FM","EP",49.75,2013-09-01
9,2013,"Weekday","FM","NB",32.05,2013-09-01
9,2013,"Weekday","FM","BK",334.1,2013-09-01
9,2013,"Weekday","FM","AS",70.15,2013-09-01
9,2013,"Weekday","FM","MA",169.95,2013-09-01
9,2013,"Weekday","FM","19",382.95,2013-09-01
9,2013,"Weekday","FM","12",391,2013-09-01
9,2013,"Weekday","FM","LM",191.45,2013-09-01
9,2013,"Weekday","FM","FV",170.65,2013-09-01
9,2013,"Weekday","FM","CL",240.75,2013-09-01
9,2013,"Weekday","FM","SL",138.85,2013-09-01
9,2013,"Weekday","FM","BF",260.95,2013-09-01
9,2013,"Weekday","FM","HY",378.85,2013-09-01
9,2013,"Weekday","FM","SH",217.2,2013-09-01
9,2013,"Weekday","FM","UC",221.15,2013-09-01
9,2013,"Weekday","FM","FM",36.15,2013-09-01
9,2013,"Weekday","FM","CN",34.8,2013-09-01
9,2013,"Weekday","FM","PH",45,2013-09-01
9,2013,"Weekday","FM","WC",33.35,2013-09-01
9,2013,"Weekday","FM","LF",14.65,2013-09-01
9,2013,"Weekday","FM","OR",12.65,2013-09-01
9,2013,"Weekday","FM","RR",40.35,2013-09-01
9,2013,"Weekday","FM","OW",25.35,2013-09-01
9,2013,"Weekday","FM","EM",1956.6,2013-09-01
9,2013,"Weekday","FM","MT",1386.65,2013-09-01
9,2013,"Weekday","FM","PL",588.4,2013-09-01
9,2013,"Weekday","FM","CC",371.15,2013-09-01
9,2013,"Weekday","FM","16",103.4,2013-09-01
9,2013,"Weekday","FM","24",46.3,2013-09-01
9,2013,"Weekday","FM","GP",29.6,2013-09-01
9,2013,"Weekday","FM","BP",41.75,2013-09-01
9,2013,"Weekday","FM","DC",142.35,2013-09-01
9,2013,"Weekday","FM","CM",7.5,2013-09-01
9,2013,"Weekday","FM","CV",40.15,2013-09-01
9,2013,"Weekday","FM","ED",103.55,2013-09-01
9,2013,"Weekday","FM","NC",12.9,2013-09-01
9,2013,"Weekday","FM","WP",43.55,2013-09-01
9,2013,"Weekday","FM","SS",8.15,2013-09-01
9,2013,"Weekday","FM","SB",8.05,2013-09-01
9,2013,"Weekday","FM","SO",49.3,2013-09-01
9,2013,"Weekday","FM","MB",8.3,2013-09-01
9,2013,"Weekday","FM","WD",40.8,2013-09-01
9,2013,"Weekday","CN","RM",28.95,2013-09-01
9,2013,"Weekday","CN","EN",46.1,2013-09-01
9,2013,"Weekday","CN","EP",29.8,2013-09-01
9,2013,"Weekday","CN","NB",20.55,2013-09-01
9,2013,"Weekday","CN","BK",160.45,2013-09-01
9,2013,"Weekday","CN","AS",29,2013-09-01
9,2013,"Weekday","CN","MA",159.35,2013-09-01
9,2013,"Weekday","CN","19",299,2013-09-01
9,2013,"Weekday","CN","12",321.65,2013-09-01
9,2013,"Weekday","CN","LM",41.75,2013-09-01
9,2013,"Weekday","CN","FV",60.7,2013-09-01
9,2013,"Weekday","CN","CL",102.35,2013-09-01
9,2013,"Weekday","CN","SL",46.1,2013-09-01
9,2013,"Weekday","CN","BF",31.85,2013-09-01
9,2013,"Weekday","CN","HY",36,2013-09-01
9,2013,"Weekday","CN","SH",18.75,2013-09-01
9,2013,"Weekday","CN","UC",16.85,2013-09-01
9,2013,"Weekday","CN","FM",34.95,2013-09-01
9,2013,"Weekday","CN","CN",16.8,2013-09-01
9,2013,"Weekday","CN","PH",128.35,2013-09-01
9,2013,"Weekday","CN","WC",374.4,2013-09-01
9,2013,"Weekday","CN","LF",143.1,2013-09-01
9,2013,"Weekday","CN","OR",53.3,2013-09-01
9,2013,"Weekday","CN","RR",93.4,2013-09-01
9,2013,"Weekday","CN","OW",23.65,2013-09-01
9,2013,"Weekday","CN","EM",1072.9,2013-09-01
9,2013,"Weekday","CN","MT",933.75,2013-09-01
9,2013,"Weekday","CN","PL",422,2013-09-01
9,2013,"Weekday","CN","CC",387.95,2013-09-01
9,2013,"Weekday","CN","16",90.95,2013-09-01
9,2013,"Weekday","CN","24",77.4,2013-09-01
9,2013,"Weekday","CN","GP",37.8,2013-09-01
9,2013,"Weekday","CN","BP",55.8,2013-09-01
9,2013,"Weekday","CN","DC",138.3,2013-09-01
9,2013,"Weekday","CN","CM",27.1,2013-09-01
9,2013,"Weekday","CN","CV",6.25,2013-09-01
9,2013,"Weekday","CN","ED",12.2,2013-09-01
9,2013,"Weekday","CN","NC",66.75,2013-09-01
9,2013,"Weekday","CN","WP",442.4,2013-09-01
9,2013,"Weekday","CN","SS",19.8,2013-09-01
9,2013,"Weekday","CN","SB",33.25,2013-09-01
9,2013,"Weekday","CN","SO",116.75,2013-09-01
9,2013,"Weekday","CN","MB",23.7,2013-09-01
9,2013,"Weekday","CN","WD",8.1,2013-09-01
9,2013,"Weekday","PH","RM",16.05,2013-09-01
9,2013,"Weekday","PH","EN",25.25,2013-09-01
9,2013,"Weekday","PH","EP",12.55,2013-09-01
9,2013,"Weekday","PH","NB",18.2,2013-09-01
9,2013,"Weekday","PH","BK",181.55,2013-09-01
9,2013,"Weekday","PH","AS",23.9,2013-09-01
9,2013,"Weekday","PH","MA",132.15,2013-09-01
9,2013,"Weekday","PH","19",353.1,2013-09-01
9,2013,"Weekday","PH","12",326.75,2013-09-01
9,2013,"Weekday","PH","LM",34,2013-09-01
9,2013,"Weekday","PH","FV",35.75,2013-09-01
9,2013,"Weekday","PH","CL",99.1,2013-09-01
9,2013,"Weekday","PH","SL",23.4,2013-09-01
9,2013,"Weekday","PH","BF",15.35,2013-09-01
9,2013,"Weekday","PH","HY",23.9,2013-09-01
9,2013,"Weekday","PH","SH",11.85,2013-09-01
9,2013,"Weekday","PH","UC",14.6,2013-09-01
9,2013,"Weekday","PH","FM",41.15,2013-09-01
9,2013,"Weekday","PH","CN",128.5,2013-09-01
9,2013,"Weekday","PH","PH",16.4,2013-09-01
9,2013,"Weekday","PH","WC",146.55,2013-09-01
9,2013,"Weekday","PH","LF",66.35,2013-09-01
9,2013,"Weekday","PH","OR",36.65,2013-09-01
9,2013,"Weekday","PH","RR",125.55,2013-09-01
9,2013,"Weekday","PH","OW",14.95,2013-09-01
9,2013,"Weekday","PH","EM",1958.25,2013-09-01
9,2013,"Weekday","PH","MT",1525.25,2013-09-01
9,2013,"Weekday","PH","PL",492.1,2013-09-01
9,2013,"Weekday","PH","CC",432.3,2013-09-01
9,2013,"Weekday","PH","16",98.25,2013-09-01
9,2013,"Weekday","PH","24",57.75,2013-09-01
9,2013,"Weekday","PH","GP",46.95,2013-09-01
9,2013,"Weekday","PH","BP",48.55,2013-09-01
9,2013,"Weekday","PH","DC",136.65,2013-09-01
9,2013,"Weekday","PH","CM",16.75,2013-09-01
9,2013,"Weekday","PH","CV",3.45,2013-09-01
9,2013,"Weekday","PH","ED",10.7,2013-09-01
9,2013,"Weekday","PH","NC",45.35,2013-09-01
9,2013,"Weekday","PH","WP",145.25,2013-09-01
9,2013,"Weekday","PH","SS",18.55,2013-09-01
9,2013,"Weekday","PH","SB",27.75,2013-09-01
9,2013,"Weekday","PH","SO",160.7,2013-09-01
9,2013,"Weekday","PH","MB",22.35,2013-09-01
9,2013,"Weekday","PH","WD",5.1,2013-09-01
9,2013,"Weekday","WC","RM",24.6,2013-09-01
9,2013,"Weekday","WC","EN",48.3,2013-09-01
9,2013,"Weekday","WC","EP",29.4,2013-09-01
9,2013,"Weekday","WC","NB",35.2,2013-09-01
9,2013,"Weekday","WC","BK",155.9,2013-09-01
9,2013,"Weekday","WC","AS",34.6,2013-09-01
9,2013,"Weekday","WC","MA",148.05,2013-09-01
9,2013,"Weekday","WC","19",291.8,2013-09-01
9,2013,"Weekday","WC","12",275.45,2013-09-01
9,2013,"Weekday","WC","LM",42.6,2013-09-01
9,2013,"Weekday","WC","FV",54.35,2013-09-01
9,2013,"Weekday","WC","CL",108.65,2013-09-01
9,2013,"Weekday","WC","SL",25.05,2013-09-01
9,2013,"Weekday","WC","BF",22.8,2013-09-01
9,2013,"Weekday","WC","HY",21.6,2013-09-01
9,2013,"Weekday","WC","SH",10.3,2013-09-01
9,2013,"Weekday","WC","UC",19.15,2013-09-01
9,2013,"Weekday","WC","FM",35.95,2013-09-01
9,2013,"Weekday","WC","CN",340.45,2013-09-01
9,2013,"Weekday","WC","PH",147.85,2013-09-01
9,2013,"Weekday","WC","WC",17.85,2013-09-01
9,2013,"Weekday","WC","LF",79.35,2013-09-01
9,2013,"Weekday","WC","OR",53.25,2013-09-01
9,2013,"Weekday","WC","RR",183.85,2013-09-01
9,2013,"Weekday","WC","OW",20.2,2013-09-01
9,2013,"Weekday","WC","EM",1636.95,2013-09-01
9,2013,"Weekday","WC","MT",1171.8,2013-09-01
9,2013,"Weekday","WC","PL",452.6,2013-09-01
9,2013,"Weekday","WC","CC",330.8,2013-09-01
9,2013,"Weekday","WC","16",75.3,2013-09-01
9,2013,"Weekday","WC","24",59.1,2013-09-01
9,2013,"Weekday","WC","GP",48.5,2013-09-01
9,2013,"Weekday","WC","BP",43.2,2013-09-01
9,2013,"Weekday","WC","DC",95.5,2013-09-01
9,2013,"Weekday","WC","CM",24.15,2013-09-01
9,2013,"Weekday","WC","CV",9.4,2013-09-01
9,2013,"Weekday","WC","ED",7.6,2013-09-01
9,2013,"Weekday","WC","NC",74.9,2013-09-01
9,2013,"Weekday","WC","WP",282.7,2013-09-01
9,2013,"Weekday","WC","SS",23.45,2013-09-01
9,2013,"Weekday","WC","SB",26.05,2013-09-01
9,2013,"Weekday","WC","SO",184.1,2013-09-01
9,2013,"Weekday","WC","MB",32,2013-09-01
9,2013,"Weekday","WC","WD",3.8,2013-09-01
9,2013,"Weekday","LF","RM",14.35,2013-09-01
9,2013,"Weekday","LF","EN",13.2,2013-09-01
9,2013,"Weekday","LF","EP",10.65,2013-09-01
9,2013,"Weekday","LF","NB",11.75,2013-09-01
9,2013,"Weekday","LF","BK",99.6,2013-09-01
9,2013,"Weekday","LF","AS",11.65,2013-09-01
9,2013,"Weekday","LF","MA",60.4,2013-09-01
9,2013,"Weekday","LF","19",163.3,2013-09-01
9,2013,"Weekday","LF","12",167.9,2013-09-01
9,2013,"Weekday","LF","LM",15.85,2013-09-01
9,2013,"Weekday","LF","FV",24.5,2013-09-01
9,2013,"Weekday","LF","CL",54.3,2013-09-01
9,2013,"Weekday","LF","SL",12.15,2013-09-01
9,2013,"Weekday","LF","BF",7.65,2013-09-01
9,2013,"Weekday","LF","HY",8.9,2013-09-01
9,2013,"Weekday","LF","SH",2.15,2013-09-01
9,2013,"Weekday","LF","UC",4.45,2013-09-01
9,2013,"Weekday","LF","FM",16.9,2013-09-01
9,2013,"Weekday","LF","CN",124.2,2013-09-01
9,2013,"Weekday","LF","PH",50.55,2013-09-01
9,2013,"Weekday","LF","WC",74.35,2013-09-01
9,2013,"Weekday","LF","LF",13.3,2013-09-01
9,2013,"Weekday","LF","OR",19.65,2013-09-01
9,2013,"Weekday","LF","RR",90.2,2013-09-01
9,2013,"Weekday","LF","OW",6.45,2013-09-01
9,2013,"Weekday","LF","EM",1110.5,2013-09-01
9,2013,"Weekday","LF","MT",793.8,2013-09-01
9,2013,"Weekday","LF","PL",240.15,2013-09-01
9,2013,"Weekday","LF","CC",207.55,2013-09-01
9,2013,"Weekday","LF","16",41.65,2013-09-01
9,2013,"Weekday","LF","24",28.2,2013-09-01
9,2013,"Weekday","LF","GP",15.6,2013-09-01
9,2013,"Weekday","LF","BP",15.6,2013-09-01
9,2013,"Weekday","LF","DC",33.1,2013-09-01
9,2013,"Weekday","LF","CM",7.25,2013-09-01
9,2013,"Weekday","LF","CV",3.1,2013-09-01
9,2013,"Weekday","LF","ED",4.55,2013-09-01
9,2013,"Weekday","LF","NC",17.85,2013-09-01
9,2013,"Weekday","LF","WP",48.9,2013-09-01
9,2013,"Weekday","LF","SS",5.25,2013-09-01
9,2013,"Weekday","LF","SB",9.5,2013-09-01
9,2013,"Weekday","LF","SO",90.1,2013-09-01
9,2013,"Weekday","LF","MB",12.8,2013-09-01
9,2013,"Weekday","LF","WD",2.35,2013-09-01
9,2013,"Weekday","OR","RM",13.3,2013-09-01
9,2013,"Weekday","OR","EN",13.7,2013-09-01
9,2013,"Weekday","OR","EP",11.65,2013-09-01
9,2013,"Weekday","OR","NB",12.9,2013-09-01
9,2013,"Weekday","OR","BK",69.4,2013-09-01
9,2013,"Weekday","OR","AS",9.6,2013-09-01
9,2013,"Weekday","OR","MA",47.8,2013-09-01
9,2013,"Weekday","OR","19",113.5,2013-09-01
9,2013,"Weekday","OR","12",107.65,2013-09-01
9,2013,"Weekday","OR","LM",11.15,2013-09-01
9,2013,"Weekday","OR","FV",41.5,2013-09-01
9,2013,"Weekday","OR","CL",40.2,2013-09-01
9,2013,"Weekday","OR","SL",11.2,2013-09-01
9,2013,"Weekday","OR","BF",7.35,2013-09-01
9,2013,"Weekday","OR","HY",6.45,2013-09-01
9,2013,"Weekday","OR","SH",3.3,2013-09-01
9,2013,"Weekday","OR","UC",6.65,2013-09-01
9,2013,"Weekday","OR","FM",13.8,2013-09-01
9,2013,"Weekday","OR","CN",49.5,2013-09-01
9,2013,"Weekday","OR","PH",32.1,2013-09-01
9,2013,"Weekday","OR","WC",53.1,2013-09-01
9,2013,"Weekday","OR","LF",17.25,2013-09-01
9,2013,"Weekday","OR","OR",16.1,2013-09-01
9,2013,"Weekday","OR","RR",88.2,2013-09-01
9,2013,"Weekday","OR","OW",6.25,2013-09-01
9,2013,"Weekday","OR","EM",884.65,2013-09-01
9,2013,"Weekday","OR","MT",642.6,2013-09-01
9,2013,"Weekday","OR","PL",176.75,2013-09-01
9,2013,"Weekday","OR","CC",174.6,2013-09-01
9,2013,"Weekday","OR","16",35.75,2013-09-01
9,2013,"Weekday","OR","24",24.25,2013-09-01
9,2013,"Weekday","OR","GP",18.4,2013-09-01
9,2013,"Weekday","OR","BP",17.1,2013-09-01
9,2013,"Weekday","OR","DC",34.15,2013-09-01
9,2013,"Weekday","OR","CM",4.9,2013-09-01
9,2013,"Weekday","OR","CV",1.45,2013-09-01
9,2013,"Weekday","OR","ED",3.15,2013-09-01
9,2013,"Weekday","OR","NC",8.35,2013-09-01
9,2013,"Weekday","OR","WP",32.25,2013-09-01
9,2013,"Weekday","OR","SS",5.65,2013-09-01
9,2013,"Weekday","OR","SB",7.2,2013-09-01
9,2013,"Weekday","OR","SO",77.55,2013-09-01
9,2013,"Weekday","OR","MB",9.85,2013-09-01
9,2013,"Weekday","OR","WD",2.9,2013-09-01
9,2013,"Weekday","RR","RM",21.05,2013-09-01
9,2013,"Weekday","RR","EN",40.35,2013-09-01
9,2013,"Weekday","RR","EP",40.4,2013-09-01
9,2013,"Weekday","RR","NB",26.75,2013-09-01
9,2013,"Weekday","RR","BK",70.4,2013-09-01
9,2013,"Weekday","RR","AS",21.1,2013-09-01
9,2013,"Weekday","RR","MA",75.95,2013-09-01
9,2013,"Weekday","RR","19",173.65,2013-09-01
9,2013,"Weekday","RR","12",181.15,2013-09-01
9,2013,"Weekday","RR","LM",39.15,2013-09-01
9,2013,"Weekday","RR","FV",62.25,2013-09-01
9,2013,"Weekday","RR","CL",85.65,2013-09-01
9,2013,"Weekday","RR","SL",29.9,2013-09-01
9,2013,"Weekday","RR","BF",16.35,2013-09-01
9,2013,"Weekday","RR","HY",17.3,2013-09-01
9,2013,"Weekday","RR","SH",9.55,2013-09-01
9,2013,"Weekday","RR","UC",13.4,2013-09-01
9,2013,"Weekday","RR","FM",38.15,2013-09-01
9,2013,"Weekday","RR","CN",101,2013-09-01
9,2013,"Weekday","RR","PH",122.3,2013-09-01
9,2013,"Weekday","RR","WC",188.1,2013-09-01
9,2013,"Weekday","RR","LF",91.3,2013-09-01
9,2013,"Weekday","RR","OR",79.2,2013-09-01
9,2013,"Weekday","RR","RR",18.95,2013-09-01
9,2013,"Weekday","RR","OW",41.15,2013-09-01
9,2013,"Weekday","RR","EM",1281.5,2013-09-01
9,2013,"Weekday","RR","MT",1096.25,2013-09-01
9,2013,"Weekday","RR","PL",473.35,2013-09-01
9,2013,"Weekday","RR","CC",489.05,2013-09-01
9,2013,"Weekday","RR","16",184.4,2013-09-01
9,2013,"Weekday","RR","24",117.15,2013-09-01
9,2013,"Weekday","RR","GP",51.6,2013-09-01
9,2013,"Weekday","RR","BP",55.75,2013-09-01
9,2013,"Weekday","RR","DC",64,2013-09-01
9,2013,"Weekday","RR","CM",7.2,2013-09-01
9,2013,"Weekday","RR","CV",6.2,2013-09-01
9,2013,"Weekday","RR","ED",15.45,2013-09-01
9,2013,"Weekday","RR","NC",31.35,2013-09-01
9,2013,"Weekday","RR","WP",63.3,2013-09-01
9,2013,"Weekday","RR","SS",8.5,2013-09-01
9,2013,"Weekday","RR","SB",12.2,2013-09-01
9,2013,"Weekday","RR","SO",141.65,2013-09-01
9,2013,"Weekday","RR","MB",21.7,2013-09-01
9,2013,"Weekday","RR","WD",9.2,2013-09-01
9,2013,"Weekday","OW","RM",31.4,2013-09-01
9,2013,"Weekday","OW","EN",49.8,2013-09-01
9,2013,"Weekday","OW","EP",17.85,2013-09-01
9,2013,"Weekday","OW","NB",23.3,2013-09-01
9,2013,"Weekday","OW","BK",115.35,2013-09-01
9,2013,"Weekday","OW","AS",43.6,2013-09-01
9,2013,"Weekday","OW","MA",82.5,2013-09-01
9,2013,"Weekday","OW","19",83.85,2013-09-01
9,2013,"Weekday","OW","12",108.45,2013-09-01
9,2013,"Weekday","OW","LM",58.15,2013-09-01
9,2013,"Weekday","OW","FV",136.6,2013-09-01
9,2013,"Weekday","OW","CL",125.1,2013-09-01
9,2013,"Weekday","OW","SL",43.3,2013-09-01
9,2013,"Weekday","OW","BF",59.6,2013-09-01
9,2013,"Weekday","OW","HY",39.05,2013-09-01
9,2013,"Weekday","OW","SH",17.6,2013-09-01
9,2013,"Weekday","OW","UC",17.25,2013-09-01
9,2013,"Weekday","OW","FM",25.4,2013-09-01
9,2013,"Weekday","OW","CN",24.75,2013-09-01
9,2013,"Weekday","OW","PH",14.7,2013-09-01
9,2013,"Weekday","OW","WC",24.5,2013-09-01
9,2013,"Weekday","OW","LF",7.6,2013-09-01
9,2013,"Weekday","OW","OR",6.75,2013-09-01
9,2013,"Weekday","OW","RR",41.55,2013-09-01
9,2013,"Weekday","OW","OW",13.6,2013-09-01
9,2013,"Weekday","OW","EM",1770.55,2013-09-01
9,2013,"Weekday","OW","MT",1336.05,2013-09-01
9,2013,"Weekday","OW","PL",809.9,2013-09-01
9,2013,"Weekday","OW","CC",653.55,2013-09-01
9,2013,"Weekday","OW","16",262.85,2013-09-01
9,2013,"Weekday","OW","24",178.6,2013-09-01
9,2013,"Weekday","OW","GP",50.95,2013-09-01
9,2013,"Weekday","OW","BP",100.15,2013-09-01
9,2013,"Weekday","OW","DC",97.75,2013-09-01
9,2013,"Weekday","OW","CM",14.95,2013-09-01
9,2013,"Weekday","OW","CV",10.65,2013-09-01
9,2013,"Weekday","OW","ED",22.4,2013-09-01
9,2013,"Weekday","OW","NC",7.95,2013-09-01
9,2013,"Weekday","OW","WP",40.25,2013-09-01
9,2013,"Weekday","OW","SS",12.75,2013-09-01
9,2013,"Weekday","OW","SB",28.35,2013-09-01
9,2013,"Weekday","OW","SO",80.25,2013-09-01
9,2013,"Weekday","OW","MB",30,2013-09-01
9,2013,"Weekday","OW","WD",8.6,2013-09-01
9,2013,"Weekday","EM","RM",305.5,2013-09-01
9,2013,"Weekday","EM","EN",914.55,2013-09-01
9,2013,"Weekday","EM","EP",570.2,2013-09-01
9,2013,"Weekday","EM","NB",755.05,2013-09-01
9,2013,"Weekday","EM","BK",1099.05,2013-09-01
9,2013,"Weekday","EM","AS",701.1,2013-09-01
9,2013,"Weekday","EM","MA",1032.6,2013-09-01
9,2013,"Weekday","EM","19",1072.2,2013-09-01
9,2013,"Weekday","EM","12",1130.45,2013-09-01
9,2013,"Weekday","EM","LM",822.35,2013-09-01
9,2013,"Weekday","EM","FV",874.95,2013-09-01
9,2013,"Weekday","EM","CL",649.3,2013-09-01
9,2013,"Weekday","EM","SL",723.35,2013-09-01
9,2013,"Weekday","EM","BF",630,2013-09-01
9,2013,"Weekday","EM","HY",475.8,2013-09-01
9,2013,"Weekday","EM","SH",400.15,2013-09-01
9,2013,"Weekday","EM","UC",872.85,2013-09-01
9,2013,"Weekday","EM","FM",1751.25,2013-09-01
9,2013,"Weekday","EM","CN",892.75,2013-09-01
9,2013,"Weekday","EM","PH",1594.65,2013-09-01
9,2013,"Weekday","EM","WC",1378.25,2013-09-01
9,2013,"Weekday","EM","LF",1002.8,2013-09-01
9,2013,"Weekday","EM","OR",836.05,2013-09-01
9,2013,"Weekday","EM","RR",1232.4,2013-09-01
9,2013,"Weekday","EM","OW",1568.15,2013-09-01
9,2013,"Weekday","EM","EM",161.2,2013-09-01
9,2013,"Weekday","EM","MT",137.7,2013-09-01
9,2013,"Weekday","EM","PL",746.1,2013-09-01
9,2013,"Weekday","EM","CC",517.7,2013-09-01
9,2013,"Weekday","EM","16",1108.3,2013-09-01
9,2013,"Weekday","EM","24",1477.05,2013-09-01
9,2013,"Weekday","EM","GP",1164,2013-09-01
9,2013,"Weekday","EM","BP",1398.2,2013-09-01
9,2013,"Weekday","EM","DC",1298.2,2013-09-01
9,2013,"Weekday","EM","CM",823.25,2013-09-01
9,2013,"Weekday","EM","CV",536.7,2013-09-01
9,2013,"Weekday","EM","ED",1739.1,2013-09-01
9,2013,"Weekday","EM","NC",517.75,2013-09-01
9,2013,"Weekday","EM","WP",685.15,2013-09-01
9,2013,"Weekday","EM","SS",628.9,2013-09-01
9,2013,"Weekday","EM","SB",592.05,2013-09-01
9,2013,"Weekday","EM","SO",610.25,2013-09-01
9,2013,"Weekday","EM","MB",1074.3,2013-09-01
9,2013,"Weekday","EM","WD",841.7,2013-09-01
9,2013,"Weekday","MT","RM",316.55,2013-09-01
9,2013,"Weekday","MT","EN",1056.7,2013-09-01
9,2013,"Weekday","MT","EP",647.15,2013-09-01
9,2013,"Weekday","MT","NB",768.85,2013-09-01
9,2013,"Weekday","MT","BK",1046.35,2013-09-01
9,2013,"Weekday","MT","AS",745,2013-09-01
9,2013,"Weekday","MT","MA",1137.1,2013-09-01
9,2013,"Weekday","MT","19",1127.2,2013-09-01
9,2013,"Weekday","MT","12",1168.1,2013-09-01
9,2013,"Weekday","MT","LM",837.9,2013-09-01
9,2013,"Weekday","MT","FV",931.3,2013-09-01
9,2013,"Weekday","MT","CL",547.3,2013-09-01
9,2013,"Weekday","MT","SL",693.05,2013-09-01
9,2013,"Weekday","MT","BF",604.85,2013-09-01
9,2013,"Weekday","MT","HY",466.6,2013-09-01
9,2013,"Weekday","MT","SH",362.35,2013-09-01
9,2013,"Weekday","MT","UC",721.6,2013-09-01
9,2013,"Weekday","MT","FM",1364.2,2013-09-01
9,2013,"Weekday","MT","CN",919.45,2013-09-01
9,2013,"Weekday","MT","PH",1518.7,2013-09-01
9,2013,"Weekday","MT","WC",1252.35,2013-09-01
9,2013,"Weekday","MT","LF",887.85,2013-09-01
9,2013,"Weekday","MT","OR",710.05,2013-09-01
9,2013,"Weekday","MT","RR",1290.4,2013-09-01
9,2013,"Weekday","MT","OW",1255.45,2013-09-01
9,2013,"Weekday","MT","EM",128.55,2013-09-01
9,2013,"Weekday","MT","MT",122.4,2013-09-01
9,2013,"Weekday","MT","PL",301.55,2013-09-01
9,2013,"Weekday","MT","CC",475.65,2013-09-01
9,2013,"Weekday","MT","16",1360.15,2013-09-01
9,2013,"Weekday","MT","24",1855.55,2013-09-01
9,2013,"Weekday","MT","GP",1430.7,2013-09-01
9,2013,"Weekday","MT","BP",1799,2013-09-01
9,2013,"Weekday","MT","DC",1573.05,2013-09-01
9,2013,"Weekday","MT","CM",922.9,2013-09-01
9,2013,"Weekday","MT","CV",478.5,2013-09-01
9,2013,"Weekday","MT","ED",1410.25,2013-09-01
9,2013,"Weekday","MT","NC",485.3,2013-09-01
9,2013,"Weekday","MT","WP",653.15,2013-09-01
9,2013,"Weekday","MT","SS",719.95,2013-09-01
9,2013,"Weekday","MT","SB",618.95,2013-09-01
9,2013,"Weekday","MT","SO",589.7,2013-09-01
9,2013,"Weekday","MT","MB",1291.2,2013-09-01
9,2013,"Weekday","MT","WD",654.75,2013-09-01
9,2013,"Weekday","PL","RM",414.85,2013-09-01
9,2013,"Weekday","PL","EN",967.1,2013-09-01
9,2013,"Weekday","PL","EP",401.95,2013-09-01
9,2013,"Weekday","PL","NB",455.75,2013-09-01
9,2013,"Weekday","PL","BK",997.55,2013-09-01
9,2013,"Weekday","PL","AS",492.85,2013-09-01
9,2013,"Weekday","PL","MA",927.6,2013-09-01
9,2013,"Weekday","PL","19",857.8,2013-09-01
9,2013,"Weekday","PL","12",983.15,2013-09-01
9,2013,"Weekday","PL","LM",684.2,2013-09-01
9,2013,"Weekday","PL","FV",922.95,2013-09-01
9,2013,"Weekday","PL","CL",631.55,2013-09-01
9,2013,"Weekday","PL","SL",559.3,2013-09-01
9,2013,"Weekday","PL","BF",528.25,2013-09-01
9,2013,"Weekday","PL","HY",367.9,2013-09-01
9,2013,"Weekday","PL","SH",259.1,2013-09-01
9,2013,"Weekday","PL","UC",417.85,2013-09-01
9,2013,"Weekday","PL","FM",679.75,2013-09-01
9,2013,"Weekday","PL","CN",522.6,2013-09-01
9,2013,"Weekday","PL","PH",627.15,2013-09-01
9,2013,"Weekday","PL","WC",554.9,2013-09-01
9,2013,"Weekday","PL","LF",312.15,2013-09-01
9,2013,"Weekday","PL","OR",228.05,2013-09-01
9,2013,"Weekday","PL","RR",647.9,2013-09-01
9,2013,"Weekday","PL","OW",900.6,2013-09-01
9,2013,"Weekday","PL","EM",538.55,2013-09-01
9,2013,"Weekday","PL","MT",196.6,2013-09-01
9,2013,"Weekday","PL","PL",127.4,2013-09-01
9,2013,"Weekday","PL","CC",337.05,2013-09-01
9,2013,"Weekday","PL","16",1724.6,2013-09-01
9,2013,"Weekday","PL","24",2205.45,2013-09-01
9,2013,"Weekday","PL","GP",1437.3,2013-09-01
9,2013,"Weekday","PL","BP",3134.2,2013-09-01
9,2013,"Weekday","PL","DC",1542.35,2013-09-01
9,2013,"Weekday","PL","CM",796.05,2013-09-01
9,2013,"Weekday","PL","CV",267,2013-09-01
9,2013,"Weekday","PL","ED",704.95,2013-09-01
9,2013,"Weekday","PL","NC",271.75,2013-09-01
9,2013,"Weekday","PL","WP",566.3,2013-09-01
9,2013,"Weekday","PL","SS",515.25,2013-09-01
9,2013,"Weekday","PL","SB",482.5,2013-09-01
9,2013,"Weekday","PL","SO",1426.45,2013-09-01
9,2013,"Weekday","PL","MB",818.7,2013-09-01
9,2013,"Weekday","PL","WD",325.1,2013-09-01
9,2013,"Weekday","CC","RM",306.25,2013-09-01
9,2013,"Weekday","CC","EN",747.45,2013-09-01
9,2013,"Weekday","CC","EP",387.45,2013-09-01
9,2013,"Weekday","CC","NB",490.55,2013-09-01
9,2013,"Weekday","CC","BK",845.1,2013-09-01
9,2013,"Weekday","CC","AS",517,2013-09-01
9,2013,"Weekday","CC","MA",871.3,2013-09-01
9,2013,"Weekday","CC","19",884.1,2013-09-01
9,2013,"Weekday","CC","12",904.6,2013-09-01
9,2013,"Weekday","CC","LM",569.7,2013-09-01
9,2013,"Weekday","CC","FV",769.9,2013-09-01
9,2013,"Weekday","CC","CL",489.2,2013-09-01
9,2013,"Weekday","CC","SL",459.2,2013-09-01
9,2013,"Weekday","CC","BF",390.8,2013-09-01
9,2013,"Weekday","CC","HY",292.7,2013-09-01
9,2013,"Weekday","CC","SH",229.1,2013-09-01
9,2013,"Weekday","CC","UC",267.1,2013-09-01
9,2013,"Weekday","CC","FM",412.9,2013-09-01
9,2013,"Weekday","CC","CN",457.6,2013-09-01
9,2013,"Weekday","CC","PH",506.15,2013-09-01
9,2013,"Weekday","CC","WC",411.3,2013-09-01
9,2013,"Weekday","CC","LF",244.95,2013-09-01
9,2013,"Weekday","CC","OR",214.2,2013-09-01
9,2013,"Weekday","CC","RR",619.45,2013-09-01
9,2013,"Weekday","CC","OW",697,2013-09-01
9,2013,"Weekday","CC","EM",547.2,2013-09-01
9,2013,"Weekday","CC","MT",500.3,2013-09-01
9,2013,"Weekday","CC","PL",384,2013-09-01
9,2013,"Weekday","CC","CC",74.2,2013-09-01
9,2013,"Weekday","CC","16",819.65,2013-09-01
9,2013,"Weekday","CC","24",1201.45,2013-09-01
9,2013,"Weekday","CC","GP",719.2,2013-09-01
9,2013,"Weekday","CC","BP",1543.2,2013-09-01
9,2013,"Weekday","CC","DC",751,2013-09-01
9,2013,"Weekday","CC","CM",493.6,2013-09-01
9,2013,"Weekday","CC","CV",225.95,2013-09-01
9,2013,"Weekday","CC","ED",539.25,2013-09-01
9,2013,"Weekday","CC","NC",241.85,2013-09-01
9,2013,"Weekday","CC","WP",536.85,2013-09-01
9,2013,"Weekday","CC","SS",360.8,2013-09-01
9,2013,"Weekday","CC","SB",344.85,2013-09-01
9,2013,"Weekday","CC","SO",613.3,2013-09-01
9,2013,"Weekday","CC","MB",499.5,2013-09-01
9,2013,"Weekday","CC","WD",235.2,2013-09-01
9,2013,"Weekday","16","RM",147.15,2013-09-01
9,2013,"Weekday","16","EN",215.15,2013-09-01
9,2013,"Weekday","16","EP",106.25,2013-09-01
9,2013,"Weekday","16","NB",159.05,2013-09-01
9,2013,"Weekday","16","BK",401.35,2013-09-01
9,2013,"Weekday","16","AS",239.95,2013-09-01
9,2013,"Weekday","16","MA",381.7,2013-09-01
9,2013,"Weekday","16","19",377.45,2013-09-01
9,2013,"Weekday","16","12",317.6,2013-09-01
9,2013,"Weekday","16","LM",225.45,2013-09-01
9,2013,"Weekday","16","FV",290.35,2013-09-01
9,2013,"Weekday","16","CL",146.2,2013-09-01
9,2013,"Weekday","16","SL",113.6,2013-09-01
9,2013,"Weekday","16","BF",111.2,2013-09-01
9,2013,"Weekday","16","HY",87.15,2013-09-01
9,2013,"Weekday","16","SH",66.45,2013-09-01
9,2013,"Weekday","16","UC",73.45,2013-09-01
9,2013,"Weekday","16","FM",106.2,2013-09-01
9,2013,"Weekday","16","CN",95.8,2013-09-01
9,2013,"Weekday","16","PH",109.9,2013-09-01
9,2013,"Weekday","16","WC",86.45,2013-09-01
9,2013,"Weekday","16","LF",49,2013-09-01
9,2013,"Weekday","16","OR",40.2,2013-09-01
9,2013,"Weekday","16","RR",217.15,2013-09-01
9,2013,"Weekday","16","OW",263.85,2013-09-01
9,2013,"Weekday","16","EM",1098.25,2013-09-01
9,2013,"Weekday","16","MT",1407.7,2013-09-01
9,2013,"Weekday","16","PL",1467.2,2013-09-01
9,2013,"Weekday","16","CC",741.55,2013-09-01
9,2013,"Weekday","16","16",31.7,2013-09-01
9,2013,"Weekday","16","24",292.85,2013-09-01
9,2013,"Weekday","16","GP",367.8,2013-09-01
9,2013,"Weekday","16","BP",766,2013-09-01
9,2013,"Weekday","16","DC",316.65,2013-09-01
9,2013,"Weekday","16","CM",158.45,2013-09-01
9,2013,"Weekday","16","CV",54.5,2013-09-01
9,2013,"Weekday","16","ED",127.55,2013-09-01
9,2013,"Weekday","16","NC",60.8,2013-09-01
9,2013,"Weekday","16","WP",167.35,2013-09-01
9,2013,"Weekday","16","SS",118.25,2013-09-01
9,2013,"Weekday","16","SB",136.6,2013-09-01
9,2013,"Weekday","16","SO",242,2013-09-01
9,2013,"Weekday","16","MB",240.65,2013-09-01
9,2013,"Weekday","16","WD",49.25,2013-09-01
9,2013,"Weekday","24","RM",148,2013-09-01
9,2013,"Weekday","24","EN",206.5,2013-09-01
9,2013,"Weekday","24","EP",59.5,2013-09-01
9,2013,"Weekday","24","NB",103.75,2013-09-01
9,2013,"Weekday","24","BK",373.5,2013-09-01
9,2013,"Weekday","24","AS",142.9,2013-09-01
9,2013,"Weekday","24","MA",252.45,2013-09-01
9,2013,"Weekday","24","19",310.3,2013-09-01
9,2013,"Weekday","24","12",301.45,2013-09-01
9,2013,"Weekday","24","LM",142.85,2013-09-01
9,2013,"Weekday","24","FV",232.55,2013-09-01
9,2013,"Weekday","24","CL",139.75,2013-09-01
9,2013,"Weekday","24","SL",86.35,2013-09-01
9,2013,"Weekday","24","BF",79.05,2013-09-01
9,2013,"Weekday","24","HY",59,2013-09-01
9,2013,"Weekday","24","SH",48.6,2013-09-01
9,2013,"Weekday","24","UC",32.8,2013-09-01
9,2013,"Weekday","24","FM",44.8,2013-09-01
9,2013,"Weekday","24","CN",80.1,2013-09-01
9,2013,"Weekday","24","PH",63.1,2013-09-01
9,2013,"Weekday","24","WC",67.1,2013-09-01
9,2013,"Weekday","24","LF",27.2,2013-09-01
9,2013,"Weekday","24","OR",23.5,2013-09-01
9,2013,"Weekday","24","RR",122.2,2013-09-01
9,2013,"Weekday","24","OW",165.95,2013-09-01
9,2013,"Weekday","24","EM",1732,2013-09-01
9,2013,"Weekday","24","MT",2266.95,2013-09-01
9,2013,"Weekday","24","PL",1906.1,2013-09-01
9,2013,"Weekday","24","CC",1145.65,2013-09-01
9,2013,"Weekday","24","16",297.2,2013-09-01
9,2013,"Weekday","24","24",46.9,2013-09-01
9,2013,"Weekday","24","GP",327.85,2013-09-01
9,2013,"Weekday","24","BP",917.85,2013-09-01
9,2013,"Weekday","24","DC",354.75,2013-09-01
9,2013,"Weekday","24","CM",164.85,2013-09-01
9,2013,"Weekday","24","CV",31,2013-09-01
9,2013,"Weekday","24","ED",76.5,2013-09-01
9,2013,"Weekday","24","NC",41.2,2013-09-01
9,2013,"Weekday","24","WP",126.3,2013-09-01
9,2013,"Weekday","24","SS",102.35,2013-09-01
9,2013,"Weekday","24","SB",155,2013-09-01
9,2013,"Weekday","24","SO",229.4,2013-09-01
9,2013,"Weekday","24","MB",235.9,2013-09-01
9,2013,"Weekday","24","WD",31.5,2013-09-01
9,2013,"Weekday","GP","RM",42.6,2013-09-01
9,2013,"Weekday","GP","EN",74.45,2013-09-01
9,2013,"Weekday","GP","EP",26.45,2013-09-01
9,2013,"Weekday","GP","NB",42.75,2013-09-01
9,2013,"Weekday","GP","BK",164.35,2013-09-01
9,2013,"Weekday","GP","AS",41.8,2013-09-01
9,2013,"Weekday","GP","MA",89.8,2013-09-01
9,2013,"Weekday","GP","19",149.25,2013-09-01
9,2013,"Weekday","GP","12",176.9,2013-09-01
9,2013,"Weekday","GP","LM",66.35,2013-09-01
9,2013,"Weekday","GP","FV",68.65,2013-09-01
9,2013,"Weekday","GP","CL",61,2013-09-01
9,2013,"Weekday","GP","SL",42,2013-09-01
9,2013,"Weekday","GP","BF",27.45,2013-09-01
9,2013,"Weekday","GP","HY",26.4,2013-09-01
9,2013,"Weekday","GP","SH",12.25,2013-09-01
9,2013,"Weekday","GP","UC",15.6,2013-09-01
9,2013,"Weekday","GP","FM",31.1,2013-09-01
9,2013,"Weekday","GP","CN",39.9,2013-09-01
9,2013,"Weekday","GP","PH",80.35,2013-09-01
9,2013,"Weekday","GP","WC",50.65,2013-09-01
9,2013,"Weekday","GP","LF",23.35,2013-09-01
9,2013,"Weekday","GP","OR",30.2,2013-09-01
9,2013,"Weekday","GP","RR",68.3,2013-09-01
9,2013,"Weekday","GP","OW",46.45,2013-09-01
9,2013,"Weekday","GP","EM",1285,2013-09-01
9,2013,"Weekday","GP","MT",1783.45,2013-09-01
9,2013,"Weekday","GP","PL",1221.85,2013-09-01
9,2013,"Weekday","GP","CC",790.45,2013-09-01
9,2013,"Weekday","GP","16",389.65,2013-09-01
9,2013,"Weekday","GP","24",327.55,2013-09-01
9,2013,"Weekday","GP","GP",23.9,2013-09-01
9,2013,"Weekday","GP","BP",164.5,2013-09-01
9,2013,"Weekday","GP","DC",89.4,2013-09-01
9,2013,"Weekday","GP","CM",67.55,2013-09-01
9,2013,"Weekday","GP","CV",16.55,2013-09-01
9,2013,"Weekday","GP","ED",51.25,2013-09-01
9,2013,"Weekday","GP","NC",17.1,2013-09-01
9,2013,"Weekday","GP","WP",61.9,2013-09-01
9,2013,"Weekday","GP","SS",39.75,2013-09-01
9,2013,"Weekday","GP","SB",71.8,2013-09-01
9,2013,"Weekday","GP","SO",110.65,2013-09-01
9,2013,"Weekday","GP","MB",153.2,2013-09-01
9,2013,"Weekday","GP","WD",20.6,2013-09-01
9,2013,"Weekday","BP","RM",80.55,2013-09-01
9,2013,"Weekday","BP","EN",136.8,2013-09-01
9,2013,"Weekday","BP","EP",48.8,2013-09-01
9,2013,"Weekday","BP","NB",40.8,2013-09-01
9,2013,"Weekday","BP","BK",150.55,2013-09-01
9,2013,"Weekday","BP","AS",62.4,2013-09-01
9,2013,"Weekday","BP","MA",117.9,2013-09-01
9,2013,"Weekday","BP","19",137.85,2013-09-01
9,2013,"Weekday","BP","12",194.65,2013-09-01
9,2013,"Weekday","BP","LM",113.75,2013-09-01
9,2013,"Weekday","BP","FV",130.1,2013-09-01
9,2013,"Weekday","BP","CL",82.15,2013-09-01
9,2013,"Weekday","BP","SL",74.9,2013-09-01
9,2013,"Weekday","BP","BF",55.85,2013-09-01
9,2013,"Weekday","BP","HY",51.85,2013-09-01
9,2013,"Weekday","BP","SH",25.85,2013-09-01
9,2013,"Weekday","BP","UC",30.3,2013-09-01
9,2013,"Weekday","BP","FM",41.65,2013-09-01
9,2013,"Weekday","BP","CN",59.6,2013-09-01
9,2013,"Weekday","BP","PH",49.1,2013-09-01
9,2013,"Weekday","BP","WC",46.45,2013-09-01
9,2013,"Weekday","BP","LF",14.85,2013-09-01
9,2013,"Weekday","BP","OR",18.65,2013-09-01
9,2013,"Weekday","BP","RR",60.3,2013-09-01
9,2013,"Weekday","BP","OW",84.95,2013-09-01
9,2013,"Weekday","BP","EM",1573.05,2013-09-01
9,2013,"Weekday","BP","MT",2814.55,2013-09-01
9,2013,"Weekday","BP","PL",2589.35,2013-09-01
9,2013,"Weekday","BP","CC",1648.7,2013-09-01
9,2013,"Weekday","BP","16",830.6,2013-09-01
9,2013,"Weekday","BP","24",907.45,2013-09-01
9,2013,"Weekday","BP","GP",166.5,2013-09-01
9,2013,"Weekday","BP","BP",59.65,2013-09-01
9,2013,"Weekday","BP","DC",197.95,2013-09-01
9,2013,"Weekday","BP","CM",167.65,2013-09-01
9,2013,"Weekday","BP","CV",17.3,2013-09-01
9,2013,"Weekday","BP","ED",66.1,2013-09-01
9,2013,"Weekday","BP","NC",25.3,2013-09-01
9,2013,"Weekday","BP","WP",88.15,2013-09-01
9,2013,"Weekday","BP","SS",118.85,2013-09-01
9,2013,"Weekday","BP","SB",153.65,2013-09-01
9,2013,"Weekday","BP","SO",108.5,2013-09-01
9,2013,"Weekday","BP","MB",205.1,2013-09-01
9,2013,"Weekday","BP","WD",20.3,2013-09-01
9,2013,"Weekday","DC","RM",104.7,2013-09-01
9,2013,"Weekday","DC","EN",232.2,2013-09-01
9,2013,"Weekday","DC","EP",76.25,2013-09-01
9,2013,"Weekday","DC","NB",58.95,2013-09-01
9,2013,"Weekday","DC","BK",199.1,2013-09-01
9,2013,"Weekday","DC","AS",77.85,2013-09-01
9,2013,"Weekday","DC","MA",133.25,2013-09-01
9,2013,"Weekday","DC","19",179,2013-09-01
9,2013,"Weekday","DC","12",213.45,2013-09-01
9,2013,"Weekday","DC","LM",171.45,2013-09-01
9,2013,"Weekday","DC","FV",201.7,2013-09-01
9,2013,"Weekday","DC","CL",151.45,2013-09-01
9,2013,"Weekday","DC","SL",118.1,2013-09-01
9,2013,"Weekday","DC","BF",128.2,2013-09-01
9,2013,"Weekday","DC","HY",71.85,2013-09-01
9,2013,"Weekday","DC","SH",79.8,2013-09-01
9,2013,"Weekday","DC","UC",106.7,2013-09-01
9,2013,"Weekday","DC","FM",142.7,2013-09-01
9,2013,"Weekday","DC","CN",139.25,2013-09-01
9,2013,"Weekday","DC","PH",135.15,2013-09-01
9,2013,"Weekday","DC","WC",100.1,2013-09-01
9,2013,"Weekday","DC","LF",33.8,2013-09-01
9,2013,"Weekday","DC","OR",33.85,2013-09-01
9,2013,"Weekday","DC","RR",64.05,2013-09-01
9,2013,"Weekday","DC","OW",84.4,2013-09-01
9,2013,"Weekday","DC","EM",1336.1,2013-09-01
9,2013,"Weekday","DC","MT",1784.8,2013-09-01
9,2013,"Weekday","DC","PL",1327.4,2013-09-01
9,2013,"Weekday","DC","CC",740.1,2013-09-01
9,2013,"Weekday","DC","16",313,2013-09-01
9,2013,"Weekday","DC","24",322.35,2013-09-01
9,2013,"Weekday","DC","GP",77.45,2013-09-01
9,2013,"Weekday","DC","BP",172.1,2013-09-01
9,2013,"Weekday","DC","DC",28.8,2013-09-01
9,2013,"Weekday","DC","CM",63.85,2013-09-01
9,2013,"Weekday","DC","CV",49.95,2013-09-01
9,2013,"Weekday","DC","ED",172.3,2013-09-01
9,2013,"Weekday","DC","NC",97.6,2013-09-01
9,2013,"Weekday","DC","WP",145.3,2013-09-01
9,2013,"Weekday","DC","SS",98.95,2013-09-01
9,2013,"Weekday","DC","SB",173.75,2013-09-01
9,2013,"Weekday","DC","SO",189.65,2013-09-01
9,2013,"Weekday","DC","MB",346.2,2013-09-01
9,2013,"Weekday","DC","WD",68.55,2013-09-01
9,2013,"Weekday","CM","RM",18.6,2013-09-01
9,2013,"Weekday","CM","EN",35.25,2013-09-01
9,2013,"Weekday","CM","EP",7.55,2013-09-01
9,2013,"Weekday","CM","NB",8.95,2013-09-01
9,2013,"Weekday","CM","BK",42.45,2013-09-01
9,2013,"Weekday","CM","AS",14.2,2013-09-01
9,2013,"Weekday","CM","MA",34.95,2013-09-01
9,2013,"Weekday","CM","19",69.6,2013-09-01
9,2013,"Weekday","CM","12",112.3,2013-09-01
9,2013,"Weekday","CM","LM",7.55,2013-09-01
9,2013,"Weekday","CM","FV",15.85,2013-09-01
9,2013,"Weekday","CM","CL",16.45,2013-09-01
9,2013,"Weekday","CM","SL",11.2,2013-09-01
9,2013,"Weekday","CM","BF",11.1,2013-09-01
9,2013,"Weekday","CM","HY",8.75,2013-09-01
9,2013,"Weekday","CM","SH",7.95,2013-09-01
9,2013,"Weekday","CM","UC",8.75,2013-09-01
9,2013,"Weekday","CM","FM",8.65,2013-09-01
9,2013,"Weekday","CM","CN",31.35,2013-09-01
9,2013,"Weekday","CM","PH",17.75,2013-09-01
9,2013,"Weekday","CM","WC",25.3,2013-09-01
9,2013,"Weekday","CM","LF",6.25,2013-09-01
9,2013,"Weekday","CM","OR",5.7,2013-09-01
9,2013,"Weekday","CM","RR",7.1,2013-09-01
9,2013,"Weekday","CM","OW",13.4,2013-09-01
9,2013,"Weekday","CM","EM",851.5,2013-09-01
9,2013,"Weekday","CM","MT",1048.3,2013-09-01
9,2013,"Weekday","CM","PL",690.4,2013-09-01
9,2013,"Weekday","CM","CC",509.15,2013-09-01
9,2013,"Weekday","CM","16",165.5,2013-09-01
9,2013,"Weekday","CM","24",177.75,2013-09-01
9,2013,"Weekday","CM","GP",71.3,2013-09-01
9,2013,"Weekday","CM","BP",165.2,2013-09-01
9,2013,"Weekday","CM","DC",69.45,2013-09-01
9,2013,"Weekday","CM","CM",11.5,2013-09-01
9,2013,"Weekday","CM","CV",2.15,2013-09-01
9,2013,"Weekday","CM","ED",24.95,2013-09-01
9,2013,"Weekday","CM","NC",9.75,2013-09-01
9,2013,"Weekday","CM","WP",31.25,2013-09-01
9,2013,"Weekday","CM","SS",20.45,2013-09-01
9,2013,"Weekday","CM","SB",75,2013-09-01
9,2013,"Weekday","CM","SO",104.45,2013-09-01
9,2013,"Weekday","CM","MB",119.15,2013-09-01
9,2013,"Weekday","CM","WD",3.9,2013-09-01
9,2013,"Weekday","CV","RM",7,2013-09-01
9,2013,"Weekday","CV","EN",12,2013-09-01
9,2013,"Weekday","CV","EP",5.35,2013-09-01
9,2013,"Weekday","CV","NB",10.5,2013-09-01
9,2013,"Weekday","CV","BK",69.5,2013-09-01
9,2013,"Weekday","CV","AS",15.2,2013-09-01
9,2013,"Weekday","CV","MA",35.45,2013-09-01
9,2013,"Weekday","CV","19",88.95,2013-09-01
9,2013,"Weekday","CV","12",116.25,2013-09-01
9,2013,"Weekday","CV","LM",120.45,2013-09-01
9,2013,"Weekday","CV","FV",72.45,2013-09-01
9,2013,"Weekday","CV","CL",112.8,2013-09-01
9,2013,"Weekday","CV","SL",53.3,2013-09-01
9,2013,"Weekday","CV","BF",73.2,2013-09-01
9,2013,"Weekday","CV","HY",32.6,2013-09-01
9,2013,"Weekday","CV","SH",22.85,2013-09-01
9,2013,"Weekday","CV","UC",23.9,2013-09-01
9,2013,"Weekday","CV","FM",41,2013-09-01
9,2013,"Weekday","CV","CN",6.95,2013-09-01
9,2013,"Weekday","CV","PH",3.2,2013-09-01
9,2013,"Weekday","CV","WC",11,2013-09-01
9,2013,"Weekday","CV","LF",2.95,2013-09-01
9,2013,"Weekday","CV","OR",1.4,2013-09-01
9,2013,"Weekday","CV","RR",6.65,2013-09-01
9,2013,"Weekday","CV","OW",11.05,2013-09-01
9,2013,"Weekday","CV","EM",621.45,2013-09-01
9,2013,"Weekday","CV","MT",495.3,2013-09-01
9,2013,"Weekday","CV","PL",218.35,2013-09-01
9,2013,"Weekday","CV","CC",200,2013-09-01
9,2013,"Weekday","CV","16",52.15,2013-09-01
9,2013,"Weekday","CV","24",28.6,2013-09-01
9,2013,"Weekday","CV","GP",14.6,2013-09-01
9,2013,"Weekday","CV","BP",17.3,2013-09-01
9,2013,"Weekday","CV","DC",52.5,2013-09-01
9,2013,"Weekday","CV","CM",2.2,2013-09-01
9,2013,"Weekday","CV","CV",6.35,2013-09-01
9,2013,"Weekday","CV","ED",135.5,2013-09-01
9,2013,"Weekday","CV","NC",0.95,2013-09-01
9,2013,"Weekday","CV","WP",6.9,2013-09-01
9,2013,"Weekday","CV","SS",5.05,2013-09-01
9,2013,"Weekday","CV","SB",4.65,2013-09-01
9,2013,"Weekday","CV","SO",21.9,2013-09-01
9,2013,"Weekday","CV","MB",5.45,2013-09-01
9,2013,"Weekday","CV","WD",90.2,2013-09-01
9,2013,"Weekday","ED","RM",17.95,2013-09-01
9,2013,"Weekday","ED","EN",36,2013-09-01
9,2013,"Weekday","ED","EP",20.4,2013-09-01
9,2013,"Weekday","ED","NB",20.2,2013-09-01
9,2013,"Weekday","ED","BK",144.1,2013-09-01
9,2013,"Weekday","ED","AS",24.1,2013-09-01
9,2013,"Weekday","ED","MA",71.9,2013-09-01
9,2013,"Weekday","ED","19",193.75,2013-09-01
9,2013,"Weekday","ED","12",239.85,2013-09-01
9,2013,"Weekday","ED","LM",178.25,2013-09-01
9,2013,"Weekday","ED","FV",138.95,2013-09-01
9,2013,"Weekday","ED","CL",293.7,2013-09-01
9,2013,"Weekday","ED","SL",101.65,2013-09-01
9,2013,"Weekday","ED","BF",220.5,2013-09-01
9,2013,"Weekday","ED","HY",81.95,2013-09-01
9,2013,"Weekday","ED","SH",48.8,2013-09-01
9,2013,"Weekday","ED","UC",62.1,2013-09-01
9,2013,"Weekday","ED","FM",104.25,2013-09-01
9,2013,"Weekday","ED","CN",14.1,2013-09-01
9,2013,"Weekday","ED","PH",9.2,2013-09-01
9,2013,"Weekday","ED","WC",6.9,2013-09-01
9,2013,"Weekday","ED","LF",3.7,2013-09-01
9,2013,"Weekday","ED","OR",4,2013-09-01
9,2013,"Weekday","ED","RR",12.15,2013-09-01
9,2013,"Weekday","ED","OW",24.4,2013-09-01
9,2013,"Weekday","ED","EM",2041.1,2013-09-01
9,2013,"Weekday","ED","MT",1405.8,2013-09-01
9,2013,"Weekday","ED","PL",629.7,2013-09-01
9,2013,"Weekday","ED","CC",477.95,2013-09-01
9,2013,"Weekday","ED","16",120.45,2013-09-01
9,2013,"Weekday","ED","24",82.15,2013-09-01
9,2013,"Weekday","ED","GP",42.9,2013-09-01
9,2013,"Weekday","ED","BP",61.35,2013-09-01
9,2013,"Weekday","ED","DC",167.15,2013-09-01
9,2013,"Weekday","ED","CM",25.1,2013-09-01
9,2013,"Weekday","ED","CV",123,2013-09-01
9,2013,"Weekday","ED","ED",33.1,2013-09-01
9,2013,"Weekday","ED","NC",2.8,2013-09-01
9,2013,"Weekday","ED","WP",14.85,2013-09-01
9,2013,"Weekday","ED","SS",20.3,2013-09-01
9,2013,"Weekday","ED","SB",18.7,2013-09-01
9,2013,"Weekday","ED","SO",118.7,2013-09-01
9,2013,"Weekday","ED","MB",19.8,2013-09-01
9,2013,"Weekday","ED","WD",34.05,2013-09-01
9,2013,"Weekday","NC","RM",7.35,2013-09-01
9,2013,"Weekday","NC","EN",10.5,2013-09-01
9,2013,"Weekday","NC","EP",6.55,2013-09-01
9,2013,"Weekday","NC","NB",7.4,2013-09-01
9,2013,"Weekday","NC","BK",63.45,2013-09-01
9,2013,"Weekday","NC","AS",9.8,2013-09-01
9,2013,"Weekday","NC","MA",52.7,2013-09-01
9,2013,"Weekday","NC","19",179.2,2013-09-01
9,2013,"Weekday","NC","12",167.75,2013-09-01
9,2013,"Weekday","NC","LM",18.35,2013-09-01
9,2013,"Weekday","NC","FV",15.2,2013-09-01
9,2013,"Weekday","NC","CL",42.75,2013-09-01
9,2013,"Weekday","NC","SL",12.35,2013-09-01
9,2013,"Weekday","NC","BF",8.5,2013-09-01
9,2013,"Weekday","NC","HY",12.2,2013-09-01
9,2013,"Weekday","NC","SH",4.95,2013-09-01
9,2013,"Weekday","NC","UC",5.4,2013-09-01
9,2013,"Weekday","NC","FM",12.45,2013-09-01
9,2013,"Weekday","NC","CN",68.95,2013-09-01
9,2013,"Weekday","NC","PH",36.9,2013-09-01
9,2013,"Weekday","NC","WC",84.1,2013-09-01
9,2013,"Weekday","NC","LF",16,2013-09-01
9,2013,"Weekday","NC","OR",8.8,2013-09-01
9,2013,"Weekday","NC","RR",27.85,2013-09-01
9,2013,"Weekday","NC","OW",8.5,2013-09-01
9,2013,"Weekday","NC","EM",618.85,2013-09-01
9,2013,"Weekday","NC","MT",502.7,2013-09-01
9,2013,"Weekday","NC","PL",240.1,2013-09-01
9,2013,"Weekday","NC","CC",211.5,2013-09-01
9,2013,"Weekday","NC","16",53.65,2013-09-01
9,2013,"Weekday","NC","24",41.35,2013-09-01
9,2013,"Weekday","NC","GP",17.2,2013-09-01
9,2013,"Weekday","NC","BP",24.7,2013-09-01
9,2013,"Weekday","NC","DC",103.4,2013-09-01
9,2013,"Weekday","NC","CM",8.55,2013-09-01
9,2013,"Weekday","NC","CV",1.15,2013-09-01
9,2013,"Weekday","NC","ED",2,2013-09-01
9,2013,"Weekday","NC","NC",5.75,2013-09-01
9,2013,"Weekday","NC","WP",81.25,2013-09-01
9,2013,"Weekday","NC","SS",9.35,2013-09-01
9,2013,"Weekday","NC","SB",11.25,2013-09-01
9,2013,"Weekday","NC","SO",64.8,2013-09-01
9,2013,"Weekday","NC","MB",11.2,2013-09-01
9,2013,"Weekday","NC","WD",2.25,2013-09-01
9,2013,"Weekday","WP","RM",47.8,2013-09-01
9,2013,"Weekday","WP","EN",48.05,2013-09-01
9,2013,"Weekday","WP","EP",14.45,2013-09-01
9,2013,"Weekday","WP","NB",16.5,2013-09-01
9,2013,"Weekday","WP","BK",117.85,2013-09-01
9,2013,"Weekday","WP","AS",35.1,2013-09-01
9,2013,"Weekday","WP","MA",223.15,2013-09-01
9,2013,"Weekday","WP","19",258.65,2013-09-01
9,2013,"Weekday","WP","12",312.55,2013-09-01
9,2013,"Weekday","WP","LM",65.25,2013-09-01
9,2013,"Weekday","WP","FV",67.95,2013-09-01
9,2013,"Weekday","WP","CL",135.5,2013-09-01
9,2013,"Weekday","WP","SL",51.8,2013-09-01
9,2013,"Weekday","WP","BF",28.3,2013-09-01
9,2013,"Weekday","WP","HY",51.05,2013-09-01
9,2013,"Weekday","WP","SH",16.4,2013-09-01
9,2013,"Weekday","WP","UC",24.7,2013-09-01
9,2013,"Weekday","WP","FM",44.6,2013-09-01
9,2013,"Weekday","WP","CN",433,2013-09-01
9,2013,"Weekday","WP","PH",139.1,2013-09-01
9,2013,"Weekday","WP","WC",281.75,2013-09-01
9,2013,"Weekday","WP","LF",51.05,2013-09-01
9,2013,"Weekday","WP","OR",25.65,2013-09-01
9,2013,"Weekday","WP","RR",62.95,2013-09-01
9,2013,"Weekday","WP","OW",40.55,2013-09-01
9,2013,"Weekday","WP","EM",863.45,2013-09-01
9,2013,"Weekday","WP","MT",712.35,2013-09-01
9,2013,"Weekday","WP","PL",461.65,2013-09-01
9,2013,"Weekday","WP","CC",453.05,2013-09-01
9,2013,"Weekday","WP","16",154.9,2013-09-01
9,2013,"Weekday","WP","24",102.4,2013-09-01
9,2013,"Weekday","WP","GP",50.85,2013-09-01
9,2013,"Weekday","WP","BP",77.45,2013-09-01
9,2013,"Weekday","WP","DC",145.25,2013-09-01
9,2013,"Weekday","WP","CM",27.55,2013-09-01
9,2013,"Weekday","WP","CV",5.75,2013-09-01
9,2013,"Weekday","WP","ED",14.3,2013-09-01
9,2013,"Weekday","WP","NC",71.45,2013-09-01
9,2013,"Weekday","WP","WP",18.45,2013-09-01
9,2013,"Weekday","WP","SS",24,2013-09-01
9,2013,"Weekday","WP","SB",44.85,2013-09-01
9,2013,"Weekday","WP","SO",118.15,2013-09-01
9,2013,"Weekday","WP","MB",33.85,2013-09-01
9,2013,"Weekday","WP","WD",10.45,2013-09-01
9,2013,"Weekday","SS","RM",11.45,2013-09-01
9,2013,"Weekday","SS","EN",34.9,2013-09-01
9,2013,"Weekday","SS","EP",11.05,2013-09-01
9,2013,"Weekday","SS","NB",7.95,2013-09-01
9,2013,"Weekday","SS","BK",38.95,2013-09-01
9,2013,"Weekday","SS","AS",7.85,2013-09-01
9,2013,"Weekday","SS","MA",24.35,2013-09-01
9,2013,"Weekday","SS","19",70.05,2013-09-01
9,2013,"Weekday","SS","12",80.1,2013-09-01
9,2013,"Weekday","SS","LM",10.6,2013-09-01
9,2013,"Weekday","SS","FV",12.75,2013-09-01
9,2013,"Weekday","SS","CL",22.05,2013-09-01
9,2013,"Weekday","SS","SL",12.6,2013-09-01
9,2013,"Weekday","SS","BF",7.75,2013-09-01
9,2013,"Weekday","SS","HY",10.4,2013-09-01
9,2013,"Weekday","SS","SH",9.25,2013-09-01
9,2013,"Weekday","SS","UC",6.75,2013-09-01
9,2013,"Weekday","SS","FM",6.95,2013-09-01
9,2013,"Weekday","SS","CN",18.8,2013-09-01
9,2013,"Weekday","SS","PH",18.35,2013-09-01
9,2013,"Weekday","SS","WC",25.15,2013-09-01
9,2013,"Weekday","SS","LF",4.85,2013-09-01
9,2013,"Weekday","SS","OR",5,2013-09-01
9,2013,"Weekday","SS","RR",6.3,2013-09-01
9,2013,"Weekday","SS","OW",13.2,2013-09-01
9,2013,"Weekday","SS","EM",669.4,2013-09-01
9,2013,"Weekday","SS","MT",801.85,2013-09-01
9,2013,"Weekday","SS","PL",443.1,2013-09-01
9,2013,"Weekday","SS","CC",371.5,2013-09-01
9,2013,"Weekday","SS","16",120.95,2013-09-01
9,2013,"Weekday","SS","24",102.9,2013-09-01
9,2013,"Weekday","SS","GP",38.8,2013-09-01
9,2013,"Weekday","SS","BP",122.25,2013-09-01
9,2013,"Weekday","SS","DC",95.15,2013-09-01
9,2013,"Weekday","SS","CM",16.55,2013-09-01
9,2013,"Weekday","SS","CV",3.6,2013-09-01
9,2013,"Weekday","SS","ED",22.25,2013-09-01
9,2013,"Weekday","SS","NC",9.45,2013-09-01
9,2013,"Weekday","SS","WP",25.95,2013-09-01
9,2013,"Weekday","SS","SS",11.6,2013-09-01
9,2013,"Weekday","SS","SB",45.05,2013-09-01
9,2013,"Weekday","SS","SO",47.8,2013-09-01
9,2013,"Weekday","SS","MB",64.85,2013-09-01
9,2013,"Weekday","SS","WD",4.6,2013-09-01
9,2013,"Weekday","SB","RM",27.4,2013-09-01
9,2013,"Weekday","SB","EN",48.7,2013-09-01
9,2013,"Weekday","SB","EP",9.7,2013-09-01
9,2013,"Weekday","SB","NB",10.85,2013-09-01
9,2013,"Weekday","SB","BK",48.75,2013-09-01
9,2013,"Weekday","SB","AS",14.1,2013-09-01
9,2013,"Weekday","SB","MA",35.05,2013-09-01
9,2013,"Weekday","SB","19",47.6,2013-09-01
9,2013,"Weekday","SB","12",89.35,2013-09-01
9,2013,"Weekday","SB","LM",14.2,2013-09-01
9,2013,"Weekday","SB","FV",34.1,2013-09-01
9,2013,"Weekday","SB","CL",27.85,2013-09-01
9,2013,"Weekday","SB","SL",17.35,2013-09-01
9,2013,"Weekday","SB","BF",16.8,2013-09-01
9,2013,"Weekday","SB","HY",11.9,2013-09-01
9,2013,"Weekday","SB","SH",8.75,2013-09-01
9,2013,"Weekday","SB","UC",6.05,2013-09-01
9,2013,"Weekday","SB","FM",9.15,2013-09-01
9,2013,"Weekday","SB","CN",33.75,2013-09-01
9,2013,"Weekday","SB","PH",30.35,2013-09-01
9,2013,"Weekday","SB","WC",24,2013-09-01
9,2013,"Weekday","SB","LF",9.5,2013-09-01
9,2013,"Weekday","SB","OR",6.65,2013-09-01
9,2013,"Weekday","SB","RR",12.65,2013-09-01
9,2013,"Weekday","SB","OW",24.7,2013-09-01
9,2013,"Weekday","SB","EM",595.4,2013-09-01
9,2013,"Weekday","SB","MT",656.45,2013-09-01
9,2013,"Weekday","SB","PL",422.55,2013-09-01
9,2013,"Weekday","SB","CC",316.2,2013-09-01
9,2013,"Weekday","SB","16",131.8,2013-09-01
9,2013,"Weekday","SB","24",141.4,2013-09-01
9,2013,"Weekday","SB","GP",64.05,2013-09-01
9,2013,"Weekday","SB","BP",147.5,2013-09-01
9,2013,"Weekday","SB","DC",163.9,2013-09-01
9,2013,"Weekday","SB","CM",73.85,2013-09-01
9,2013,"Weekday","SB","CV",5.6,2013-09-01
9,2013,"Weekday","SB","ED",19.15,2013-09-01
9,2013,"Weekday","SB","NC",8.6,2013-09-01
9,2013,"Weekday","SB","WP",41.2,2013-09-01
9,2013,"Weekday","SB","SS",41.75,2013-09-01
9,2013,"Weekday","SB","SB",13.25,2013-09-01
9,2013,"Weekday","SB","SO",58.7,2013-09-01
9,2013,"Weekday","SB","MB",66.35,2013-09-01
9,2013,"Weekday","SB","WD",5.15,2013-09-01
9,2013,"Weekday","SO","RM",38.7,2013-09-01
9,2013,"Weekday","SO","EN",88.9,2013-09-01
9,2013,"Weekday","SO","EP",59.9,2013-09-01
9,2013,"Weekday","SO","NB",90.9,2013-09-01
9,2013,"Weekday","SO","BK",170.95,2013-09-01
9,2013,"Weekday","SO","AS",59.15,2013-09-01
9,2013,"Weekday","SO","MA",117.2,2013-09-01
9,2013,"Weekday","SO","19",74.8,2013-09-01
9,2013,"Weekday","SO","12",124.55,2013-09-01
9,2013,"Weekday","SO","LM",34.15,2013-09-01
9,2013,"Weekday","SO","FV",58.85,2013-09-01
9,2013,"Weekday","SO","CL",63.35,2013-09-01
9,2013,"Weekday","SO","SL",42.85,2013-09-01
9,2013,"Weekday","SO","BF",27.85,2013-09-01
9,2013,"Weekday","SO","HY",23.4,2013-09-01
9,2013,"Weekday","SO","SH",14.1,2013-09-01
9,2013,"Weekday","SO","UC",26.6,2013-09-01
9,2013,"Weekday","SO","FM",57.2,2013-09-01
9,2013,"Weekday","SO","CN",107.1,2013-09-01
9,2013,"Weekday","SO","PH",149.35,2013-09-01
9,2013,"Weekday","SO","WC",174.25,2013-09-01
9,2013,"Weekday","SO","LF",89,2013-09-01
9,2013,"Weekday","SO","OR",64.55,2013-09-01
9,2013,"Weekday","SO","RR",133.3,2013-09-01
9,2013,"Weekday","SO","OW",63.05,2013-09-01
9,2013,"Weekday","SO","EM",647.35,2013-09-01
9,2013,"Weekday","SO","MT",617.6,2013-09-01
9,2013,"Weekday","SO","PL",1722.75,2013-09-01
9,2013,"Weekday","SO","CC",679.9,2013-09-01
9,2013,"Weekday","SO","16",270.15,2013-09-01
9,2013,"Weekday","SO","24",226.1,2013-09-01
9,2013,"Weekday","SO","GP",109.6,2013-09-01
9,2013,"Weekday","SO","BP",102.95,2013-09-01
9,2013,"Weekday","SO","DC",179.75,2013-09-01
9,2013,"Weekday","SO","CM",98.05,2013-09-01
9,2013,"Weekday","SO","CV",22.95,2013-09-01
9,2013,"Weekday","SO","ED",124.65,2013-09-01
9,2013,"Weekday","SO","NC",54.75,2013-09-01
9,2013,"Weekday","SO","WP",121.15,2013-09-01
9,2013,"Weekday","SO","SS",44.3,2013-09-01
9,2013,"Weekday","SO","SB",63.05,2013-09-01
9,2013,"Weekday","SO","SO",54,2013-09-01
9,2013,"Weekday","SO","MB",358.55,2013-09-01
9,2013,"Weekday","SO","WD",41.35,2013-09-01
9,2013,"Weekday","MB","RM",32.15,2013-09-01
9,2013,"Weekday","MB","EN",56.85,2013-09-01
9,2013,"Weekday","MB","EP",27.55,2013-09-01
9,2013,"Weekday","MB","NB",36.4,2013-09-01
9,2013,"Weekday","MB","BK",185.25,2013-09-01
9,2013,"Weekday","MB","AS",33.1,2013-09-01
9,2013,"Weekday","MB","MA",65.9,2013-09-01
9,2013,"Weekday","MB","19",110.6,2013-09-01
9,2013,"Weekday","MB","12",139.15,2013-09-01
9,2013,"Weekday","MB","LM",21.8,2013-09-01
9,2013,"Weekday","MB","FV",34.05,2013-09-01
9,2013,"Weekday","MB","CL",33.05,2013-09-01
9,2013,"Weekday","MB","SL",22.45,2013-09-01
9,2013,"Weekday","MB","BF",12.15,2013-09-01
9,2013,"Weekday","MB","HY",9.95,2013-09-01
9,2013,"Weekday","MB","SH",5.15,2013-09-01
9,2013,"Weekday","MB","UC",5.45,2013-09-01
9,2013,"Weekday","MB","FM",9.85,2013-09-01
9,2013,"Weekday","MB","CN",25,2013-09-01
9,2013,"Weekday","MB","PH",21.35,2013-09-01
9,2013,"Weekday","MB","WC",33.05,2013-09-01
9,2013,"Weekday","MB","LF",14.55,2013-09-01
9,2013,"Weekday","MB","OR",9.8,2013-09-01
9,2013,"Weekday","MB","RR",24.75,2013-09-01
9,2013,"Weekday","MB","OW",25.8,2013-09-01
9,2013,"Weekday","MB","EM",1144.1,2013-09-01
9,2013,"Weekday","MB","MT",1414.25,2013-09-01
9,2013,"Weekday","MB","PL",855.9,2013-09-01
9,2013,"Weekday","MB","CC",512,2013-09-01
9,2013,"Weekday","MB","16",257.75,2013-09-01
9,2013,"Weekday","MB","24",256.9,2013-09-01
9,2013,"Weekday","MB","GP",153.3,2013-09-01
9,2013,"Weekday","MB","BP",188.3,2013-09-01
9,2013,"Weekday","MB","DC",342,2013-09-01
9,2013,"Weekday","MB","CM",116.45,2013-09-01
9,2013,"Weekday","MB","CV",5.95,2013-09-01
9,2013,"Weekday","MB","ED",23.35,2013-09-01
9,2013,"Weekday","MB","NC",11.9,2013-09-01
9,2013,"Weekday","MB","WP",36.7,2013-09-01
9,2013,"Weekday","MB","SS",62.1,2013-09-01
9,2013,"Weekday","MB","SB",73.45,2013-09-01
9,2013,"Weekday","MB","SO",352.35,2013-09-01
9,2013,"Weekday","MB","MB",34.4,2013-09-01
9,2013,"Weekday","MB","WD",6.8,2013-09-01
9,2013,"Weekday","WD","RM",3.6,2013-09-01
9,2013,"Weekday","WD","EN",19.15,2013-09-01
9,2013,"Weekday","WD","EP",11.95,2013-09-01
9,2013,"Weekday","WD","NB",5.15,2013-09-01
9,2013,"Weekday","WD","BK",63.65,2013-09-01
9,2013,"Weekday","WD","AS",11.2,2013-09-01
9,2013,"Weekday","WD","MA",28.5,2013-09-01
9,2013,"Weekday","WD","19",86.05,2013-09-01
9,2013,"Weekday","WD","12",126,2013-09-01
9,2013,"Weekday","WD","LM",73.25,2013-09-01
9,2013,"Weekday","WD","FV",58.15,2013-09-01
9,2013,"Weekday","WD","CL",134.9,2013-09-01
9,2013,"Weekday","WD","SL",43.2,2013-09-01
9,2013,"Weekday","WD","BF",120.5,2013-09-01
9,2013,"Weekday","WD","HY",49.2,2013-09-01
9,2013,"Weekday","WD","SH",25.15,2013-09-01
9,2013,"Weekday","WD","UC",27.5,2013-09-01
9,2013,"Weekday","WD","FM",37.8,2013-09-01
9,2013,"Weekday","WD","CN",7.75,2013-09-01
9,2013,"Weekday","WD","PH",4.35,2013-09-01
9,2013,"Weekday","WD","WC",5.7,2013-09-01
9,2013,"Weekday","WD","LF",2.05,2013-09-01
9,2013,"Weekday","WD","OR",1.65,2013-09-01
9,2013,"Weekday","WD","RR",7.7,2013-09-01
9,2013,"Weekday","WD","OW",7.85,2013-09-01
9,2013,"Weekday","WD","EM",929.15,2013-09-01
9,2013,"Weekday","WD","MT",638.2,2013-09-01
9,2013,"Weekday","WD","PL",273.95,2013-09-01
9,2013,"Weekday","WD","CC",204.2,2013-09-01
9,2013,"Weekday","WD","16",45.2,2013-09-01
9,2013,"Weekday","WD","24",29.2,2013-09-01
9,2013,"Weekday","WD","GP",18.6,2013-09-01
9,2013,"Weekday","WD","BP",21,2013-09-01
9,2013,"Weekday","WD","DC",68.4,2013-09-01
9,2013,"Weekday","WD","CM",3.8,2013-09-01
9,2013,"Weekday","WD","CV",83.65,2013-09-01
9,2013,"Weekday","WD","ED",35.2,2013-09-01
9,2013,"Weekday","WD","NC",2.65,2013-09-01
9,2013,"Weekday","WD","WP",10.45,2013-09-01
9,2013,"Weekday","WD","SS",4.2,2013-09-01
9,2013,"Weekday","WD","SB",4.6,2013-09-01
9,2013,"Weekday","WD","SO",43.2,2013-09-01
9,2013,"Weekday","WD","MB",7.45,2013-09-01
9,2013,"Weekday","WD","WD",13.15,2013-09-01
